{"type":"FeatureCollection","features":[{"type":"Feature","properties":{"nombre":"Cercado","departamento":"Beni","rotulo":[-64.3534,-14.5114]},"geometry":{"type":"Polygon","coordinates":[[[-64.383,-14.1436],[-65.082,-14.0167],[-65.1054,-14.0167],[-65.0748,-14.0348],[-65.0627,-14.064],[-65.0852,-14.1086],[-65.0327,-14.1075],[-65.0471,-14.1576],[-65.0251,-14.2204],[-65.0386,-14.2582],[-64.9867,-14.3217],[-64.955,-14.3814],[-64.928,-14.4859],[-64.9509,-14.5368],[-65.0093,-14.5986],[-65.0054,-14.622],[-65.0405,-14.6631],[-65.0193,-14.6879],[-65.0614,-14.7927],[-65.0406,-14.8066],[-65.0317,-14.8508],[-64.988,-14.9217],[-64.9848,-14.9758],[-64.9941,-15.0243],[-65.015,-15.0057],[-65.0244,-15.0179],[-65.0156,-15.0279],[-65.0116,-15.0413],[-64.8651,-14.9988],[-64.6423,-14.9171],[-64.5128,-14.8916],[-64.4099,-14.8801],[-63.975,-14.7284],[-63.5622,-14.2969],[-63.6695,-14.2809],[-63.7105,-14.287],[-63.7518,-14.2558],[-64.383,-14.1436]]]}},{"type":"Feature","properties":{"nombre":"General José Ballivián","departamento":"Beni","rotulo":[-67.0067,-13.908]},"geometry":{"type":"Polygon","coordinates":[[[-67.5376,-14.5931],[-67.5294,-14.6372],[-67.4606,-14.7138],[-67.4249,-14.7396],[-67.3926,-14.795],[-67.4315,-14.894],[-67.4285,-14.9222],[-67.4136,-14.9929],[-67.3734,-15.0271],[-67.3366,-15.0391],[-67.3012,-15.0323],[-67.2507,-15.047],[-67.2432,-15.0994],[-67.2132,-15.1126],[-67.1514,-15.1968],[-67.1322,-15.2629],[-67.0814,-15.3145],[-67.0886,-15.3529],[-67.1165,-15.3871],[-67.0619,-15.4441],[-67.0025,-15.4766],[-66.9318,-15.5515],[-66.8992,-15.6152],[-66.9069,-15.6402],[-66.8735,-15.694],[-66.7954,-15.7851],[-66.7961,-15.7801],[-66.753,-15.8007],[-66.6953,-15.7393],[-66.7199,-15.7133],[-66.6503,-15.6344],[-66.5315,-15.5655],[-66.5211,-14.3107],[-66.5158,-13.5711],[-66.5137,-12.7257],[-66.4886,-12.7073],[-66.4403,-12.5889],[-66.4385,-12.5423],[-66.3338,-12.3952],[-66.3066,-12.376],[-66.268,-12.3073],[-66.2699,-12.2538],[-66.3065,-12.2225],[-66.292,-12.1718],[-66.3042,-12.1472],[-66.2883,-12.091],[-66.288,-12.036],[-66.2679,-12.0],[-66.8939,-12.0059],[-66.91,-12.0473],[-66.8886,-12.0581],[-66.8731,-12.1079],[-66.922,-12.1534],[-66.8971,-12.1903],[-66.8861,-12.247],[-66.9132,-12.2871],[-66.9456,-12.2974],[-66.946,-12.3276],[-66.9,-12.3517],[-66.9698,-12.4186],[-66.9352,-12.4655],[-66.9673,-12.4903],[-66.9205,-12.5284],[-66.9695,-12.5678],[-66.9731,-12.5958],[-66.929,-12.6193],[-66.9753,-12.6569],[-66.9515,-12.668],[-66.9538,-12.7206],[-66.9806,-12.7406],[-66.9682,-12.7716],[-66.9831,-12.8097],[-66.9932,-12.8808],[-67.0348,-12.8924],[-67.0312,-12.929],[-67.0469,-12.9567],[-67.0434,-13.0131],[-67.1591,-13.1029],[-67.1662,-13.1674],[-67.2207,-13.1662],[-67.2667,-13.2096],[-67.2495,-13.2519],[-67.2664,-13.2928],[-67.3001,-13.3051],[-67.3485,-13.3405],[-67.3338,-13.3699],[-67.3863,-13.3914],[-67.3959,-13.4377],[-67.3755,-13.4995],[-67.3965,-13.5186],[-67.3579,-13.5653],[-67.3633,-13.609],[-67.3934,-13.6407],[-67.4348,-13.6576],[-67.419,-13.6995],[-67.4902,-13.769],[-67.5221,-13.7793],[-67.5015,-13.8354],[-67.4739,-13.8644],[-67.5043,-13.8962],[-67.4861,-13.9198],[-67.5274,-13.9533],[-67.5274,-14.0074],[-67.5459,-14.0376],[-67.4984,-14.0601],[-67.5397,-14.1101],[-67.5048,-14.1124],[-67.5346,-14.1659],[-67.5126,-14.2196],[-67.5203,-14.2508],[-67.4751,-14.28],[-67.517,-14.2941],[-67.5546,-14.3668],[-67.5329,-14.4171],[-67.5339,-14.4501],[-67.4967,-14.5223],[-67.4994,-14.5609],[-67.5376,-14.5931]]]}},{"type":"Feature","properties":{"nombre":"Iténez","departamento":"Beni","rotulo":[-63.191,-13.3627]},"geometry":{"type":"Polygon","coordinates":[[[-63.5622,-14.2969],[-63.0907,-14.1204],[-62.7049,-13.9758],[-62.1392,-13.7624],[-61.5279,-13.5298],[-61.5875,-13.5023],[-61.6939,-13.5056],[-61.7824,-13.5369],[-61.8258,-13.5221],[-61.8563,-13.5376],[-61.8836,-13.4945],[-61.8969,-13.4272],[-61.9689,-13.4077],[-61.9747,-13.3681],[-62.0104,-13.3624],[-62.0139,-13.3359],[-62.0584,-13.3102],[-62.1149,-13.2565],[-62.1092,-13.2206],[-62.1202,-13.1523],[-62.2229,-13.1125],[-62.2442,-13.143],[-62.3373,-13.1488],[-62.4108,-13.1268],[-62.4347,-13.0829],[-62.5386,-13.0736],[-62.6087,-13.0431],[-62.6615,-12.9688],[-62.6788,-12.9916],[-62.7222,-13.0007],[-62.7326,-13.022],[-62.7804,-13.0082],[-62.8097,-12.9608],[-62.8067,-12.9404],[-62.8731,-12.9082],[-62.8946,-12.8567],[-62.9326,-12.8402],[-62.9726,-12.8594],[-63.0132,-12.8316],[-63.0499,-12.7343],[-63.0809,-12.7239],[-63.0914,-12.6666],[-63.1525,-12.6328],[-63.1969,-12.6319],[-63.1983,-12.6551],[-63.2459,-12.6652],[-63.2412,-12.6906],[-63.3259,-12.6725],[-63.39,-12.6476],[-63.4287,-12.5974],[-63.4369,-12.5645],[-63.5086,-12.5623],[-63.5513,-12.5085],[-63.6265,-12.4718],[-63.7329,-12.4385],[-63.785,-12.4289],[-63.8349,-12.4641],[-63.8872,-12.4457],[-63.8969,-12.5],[-63.9567,-12.5311],[-63.9907,-12.5045],[-64.0427,-12.5146],[-64.058,-12.4906],[-64.1162,-12.5033],[-64.1739,-12.5046],[-64.1726,-12.4764],[-64.2306,-12.4539],[-64.2838,-12.5031],[-64.2949,-12.4579],[-64.3778,-12.4529],[-64.3624,-12.4806],[-64.3794,-12.5319],[-64.3495,-12.5607],[-64.3153,-12.6151],[-64.311,-12.6949],[-64.2909,-12.7209],[-64.2737,-12.8087],[-64.2523,-12.8348],[-64.2944,-12.8645],[-64.2767,-12.9345],[-64.2813,-12.9725],[-64.2525,-13.0289],[-64.2442,-13.0689],[-64.2548,-13.1429],[-64.283,-13.1616],[-64.3262,-13.2702],[-64.3282,-13.2943],[-64.3741,-13.3631],[-64.3716,-13.4474],[-64.383,-14.1436],[-63.7518,-14.2558],[-63.7105,-14.287],[-63.6695,-14.2809],[-63.5622,-14.2969]]]}},{"type":"Feature","properties":{"nombre":"Mamoré","departamento":"Beni","rotulo":[-64.6482,-13.0386]},"geometry":{"type":"Polygon","coordinates":[[[-64.383,-14.1436],[-64.3716,-13.4474],[-64.3741,-13.3631],[-64.3282,-13.2943],[-64.3262,-13.2702],[-64.283,-13.1616],[-64.2548,-13.1429],[-64.2442,-13.0689],[-64.2525,-13.0289],[-64.2813,-12.9725],[-64.2767,-12.9345],[-64.2944,-12.8645],[-64.2523,-12.8348],[-64.2737,-12.8087],[-64.2909,-12.7209],[-64.311,-12.6949],[-64.3153,-12.6151],[-64.3495,-12.5607],[-64.3794,-12.5319],[-64.3624,-12.4806],[-64.3778,-12.4529],[-64.4058,-12.4465],[-64.4631,-12.3839],[-64.5087,-12.3608],[-64.4955,-12.2678],[-64.5094,-12.2272],[-64.547,-12.2396],[-64.5732,-12.2142],[-64.6157,-12.2165],[-64.694,-12.1871],[-64.7146,-12.1671],[-64.7166,-12.0849],[-64.7368,-12.0963],[-64.7401,-12.1413],[-64.7703,-12.1375],[-64.7653,-12.0973],[-64.79,-12.0847],[-64.8338,-12.12],[-64.8448,-12.0969],[-64.8173,-12.0723],[-64.8144,-12.042],[-64.84,-12.0104],[-64.9304,-12.0231],[-64.9966,-11.9991],[-65.0364,-11.9957],[-65.0413,-11.9593],[-65.0216,-11.9278],[-65.0642,-11.9302],[-65.0689,-11.9904],[-65.1217,-12.0001],[-65.1282,-12.0259],[-65.0845,-12.0327],[-65.0727,-12.1118],[-65.1129,-12.1093],[-65.1002,-12.1534],[-65.1382,-12.187],[-65.1561,-12.1412],[-65.1866,-12.1571],[-65.1404,-12.206],[-65.1113,-12.2868],[-65.1574,-12.2921],[-65.1578,-12.3154],[-65.1163,-12.3266],[-65.1111,-12.3544],[-65.1659,-12.3584],[-65.1775,-12.3855],[-65.1613,-12.4256],[-65.1327,-12.4522],[-65.0642,-12.556],[-65.0272,-12.5838],[-65.0282,-12.6196],[-65.0525,-12.6446],[-65.0543,-12.6938],[-65.0211,-12.7274],[-65.0177,-12.7696],[-64.9979,-12.8385],[-65.0567,-12.8466],[-65.0379,-12.9184],[-65.0192,-12.9474],[-65.0347,-12.9962],[-65.0283,-13.0308],[-65.0635,-13.0464],[-65.1293,-13.129],[-65.1669,-13.1102],[-65.2009,-13.1096],[-65.1775,-13.181],[-65.2078,-13.2238],[-65.2425,-13.3005],[-65.1948,-13.2999],[-65.2175,-13.3359],[-65.2608,-13.3574],[-65.2767,-13.3962],[-65.2379,-13.3936],[-65.2268,-13.4282],[-65.3017,-13.4893],[-65.2804,-13.4967],[-65.259,-13.5415],[-65.2824,-13.5736],[-65.3233,-13.5829],[-65.3174,-13.6066],[-65.3333,-13.6579],[-65.3255,-13.7331],[-65.2677,-13.7844],[-65.2292,-13.8313],[-65.1722,-13.8097],[-65.1895,-13.8635],[-65.1384,-13.9265],[-65.1328,-13.9728],[-65.1054,-14.0167],[-65.082,-14.0167],[-64.383,-14.1436]]]}},{"type":"Feature","properties":{"nombre":"Marbán","departamento":"Beni","rotulo":[-64.4128,-15.5639]},"geometry":{"type":"Polygon","coordinates":[[[-65.0116,-15.0413],[-64.9856,-15.0758],[-65.0494,-15.1095],[-65.1181,-15.1724],[-65.131,-15.2049],[-65.1748,-15.2274],[-65.2035,-15.2845],[-65.212,-15.3306],[-65.2487,-15.3438],[-65.121,-15.5272],[-65.1354,-15.5457],[-65.1375,-15.6068],[-65.151,-15.7148],[-65.171,-15.7211],[-65.1721,-15.764],[-65.2592,-15.8056],[-65.2593,-15.8187],[-65.3191,-15.8625],[-65.3176,-15.928],[-65.3353,-16.0085],[-65.3283,-16.0194],[-65.2912,-16.1958],[-65.2995,-16.2991],[-65.3534,-16.4006],[-65.2399,-16.3688],[-65.1398,-16.2366],[-65.1162,-16.188],[-65.0807,-15.931],[-65.0412,-15.858],[-65.0027,-15.8215],[-64.9583,-15.801],[-64.7297,-15.802],[-64.487,-15.8251],[-63.3806,-15.8839],[-63.394,-15.8548],[-63.4442,-15.8248],[-63.4293,-15.7491],[-63.471,-15.7346],[-63.4754,-15.7064],[-63.5122,-15.6655],[-63.566,-15.6589],[-63.632,-15.6321],[-63.6429,-15.5942],[-63.6857,-15.574],[-63.6934,-15.5538],[-63.6804,-15.4973],[-63.7253,-15.4657],[-63.749,-15.4659],[-63.7937,-15.4284],[-63.7752,-15.4032],[-63.8318,-15.353],[-63.8713,-15.2637],[-63.8585,-15.227],[-63.9181,-15.1607],[-63.9615,-15.0619],[-63.9425,-15.0536],[-63.9219,-15.0006],[-63.9228,-14.9676],[-63.9466,-14.8807],[-63.9264,-14.7721],[-63.959,-14.7577],[-63.975,-14.7284],[-64.4099,-14.8801],[-64.5128,-14.8916],[-64.6423,-14.9171],[-64.8651,-14.9988],[-65.0116,-15.0413]]]}},{"type":"Feature","properties":{"nombre":"Moxos","departamento":"Beni","rotulo":[-65.6554,-15.3078]},"geometry":{"type":"Polygon","coordinates":[[[-66.3393,-16.1172],[-66.2311,-16.2857],[-66.1697,-16.3628],[-66.0563,-16.4171],[-65.9712,-16.467],[-65.8617,-16.4917],[-65.5947,-16.4602],[-65.3534,-16.4006],[-65.2995,-16.2991],[-65.2912,-16.1958],[-65.3283,-16.0194],[-65.3353,-16.0085],[-65.3176,-15.928],[-65.3191,-15.8625],[-65.2593,-15.8187],[-65.2592,-15.8056],[-65.1721,-15.764],[-65.171,-15.7211],[-65.151,-15.7148],[-65.1375,-15.6068],[-65.1354,-15.5457],[-65.121,-15.5272],[-65.2487,-15.3438],[-65.212,-15.3306],[-65.2035,-15.2845],[-65.1748,-15.2274],[-65.131,-15.2049],[-65.1181,-15.1724],[-65.0494,-15.1095],[-64.9856,-15.0758],[-65.0116,-15.0413],[-65.0156,-15.0279],[-65.0244,-15.0179],[-65.015,-15.0057],[-64.9941,-15.0243],[-64.9848,-14.9758],[-64.988,-14.9217],[-65.0317,-14.8508],[-65.0406,-14.8066],[-65.0614,-14.7927],[-65.0193,-14.6879],[-65.0405,-14.6631],[-65.0054,-14.622],[-65.0093,-14.5986],[-64.9509,-14.5368],[-64.928,-14.4859],[-64.955,-14.3814],[-64.9867,-14.3217],[-65.0386,-14.2582],[-65.0251,-14.2204],[-65.0471,-14.1576],[-65.3831,-14.154],[-65.4245,-14.1974],[-65.4508,-14.2402],[-65.4442,-14.3189],[-65.4753,-14.3331],[-65.5144,-14.4183],[-65.5069,-14.45],[-65.5386,-14.5038],[-65.5301,-14.5177],[-65.5919,-14.5668],[-65.6406,-14.6422],[-65.6634,-14.6653],[-65.7452,-14.6801],[-65.7674,-14.7137],[-65.7503,-14.7353],[-65.7508,-14.8096],[-65.7797,-14.8253],[-65.7578,-14.8784],[-65.7553,-14.9257],[-65.7837,-14.9432],[-65.7949,-14.9733],[-65.8274,-14.9977],[-65.8244,-15.0461],[-65.8379,-15.0701],[-65.8182,-15.1065],[-65.8708,-15.1336],[-65.879,-15.1628],[-65.9383,-15.181],[-65.9604,-15.2557],[-66.0672,-15.285],[-66.2018,-15.3705],[-66.2343,-15.4082],[-66.276,-15.417],[-66.5315,-15.5655],[-66.6503,-15.6344],[-66.7199,-15.7133],[-66.6953,-15.7393],[-66.753,-15.8007],[-66.7961,-15.7801],[-66.7944,-15.7878],[-66.8075,-15.828],[-66.7663,-15.8464],[-66.7071,-15.8939],[-66.6388,-15.916],[-66.6156,-15.9517],[-66.5697,-15.9606],[-66.4769,-16.0044],[-66.3674,-16.104],[-66.3393,-16.1172]]]}},{"type":"Feature","properties":{"nombre":"Vaca Diez","departamento":"Beni","rotulo":[-65.7635,-11.1907]},"geometry":{"type":"Polygon","coordinates":[[[-66.0103,-10.8131],[-66.0718,-10.8475],[-66.056,-10.8671],[-66.0491,-10.914],[-66.0579,-10.9866],[-66.0923,-10.9901],[-66.1066,-11.0228],[-66.1374,-11.0422],[-66.1216,-11.1003],[-66.1601,-11.1312],[-66.1703,-11.0974],[-66.1959,-11.0768],[-66.2147,-11.1186],[-66.1963,-11.1323],[-66.1858,-11.1818],[-66.2029,-11.2028],[-66.2697,-11.2349],[-66.2514,-11.2661],[-66.2331,-11.3426],[-66.2966,-11.3141],[-66.3315,-11.3235],[-66.327,-11.3635],[-66.3896,-11.3782],[-66.4302,-11.3737],[-66.4614,-11.3921],[-66.4631,-11.4176],[-66.5054,-11.4431],[-66.5471,-11.4144],[-66.5907,-11.4294],[-66.6316,-11.424],[-66.6425,-11.4726],[-66.6892,-11.4434],[-66.7333,-11.4799],[-66.6864,-11.5122],[-66.6758,-11.5617],[-66.7477,-11.5762],[-66.7609,-11.5942],[-66.711,-11.618],[-66.7294,-11.658],[-66.7117,-11.6818],[-66.7741,-11.7134],[-66.7792,-11.6928],[-66.8261,-11.7062],[-66.8377,-11.7646],[-66.8665,-11.7451],[-66.8865,-11.7729],[-66.8567,-11.8226],[-66.8937,-11.8579],[-66.9791,-11.9],[-66.9295,-11.9205],[-66.9059,-11.9529],[-66.8939,-12.0059],[-66.2679,-12.0],[-65.4607,-12.0],[-65.1217,-12.0001],[-65.0689,-11.9904],[-65.0642,-11.9302],[-65.0216,-11.9278],[-65.0179,-11.8964],[-65.0571,-11.8857],[-65.0736,-11.8576],[-65.0627,-11.8292],[-65.0629,-11.7749],[-65.0971,-11.7038],[-65.1265,-11.7212],[-65.1761,-11.7205],[-65.2178,-11.744],[-65.2596,-11.6989],[-65.2216,-11.6511],[-65.2328,-11.6112],[-65.2175,-11.5198],[-65.3046,-11.5014],[-65.3224,-11.4276],[-65.3336,-11.3397],[-65.3597,-11.2612],[-65.3619,-11.2243],[-65.316,-11.1996],[-65.3557,-11.1799],[-65.3607,-11.1361],[-65.3399,-11.1127],[-65.2833,-11.09],[-65.2971,-11.0247],[-65.2507,-10.9841],[-65.2743,-10.9451],[-65.274,-10.8748],[-65.3479,-10.7785],[-65.3431,-10.7036],[-65.3526,-10.6625],[-65.405,-10.6409],[-65.3955,-10.5817],[-65.4305,-10.4823],[-65.3986,-10.4585],[-65.3785,-10.4077],[-65.391,-10.3812],[-65.4006,-10.4073],[-65.4482,-10.4147],[-65.4838,-10.4381],[-65.5021,-10.4916],[-65.5554,-10.5078],[-65.5872,-10.5368],[-65.6181,-10.5399],[-65.6473,-10.5661],[-65.7279,-10.5669],[-65.7342,-10.5917],[-65.7019,-10.6514],[-65.7335,-10.7069],[-65.8126,-10.7433],[-65.8603,-10.6926],[-65.8878,-10.7015],[-65.903,-10.7456],[-65.8518,-10.7844],[-65.8597,-10.8355],[-65.9149,-10.8274],[-65.9688,-10.7977],[-66.0103,-10.8131]]]}},{"type":"Feature","properties":{"nombre":"Yacuma","departamento":"Beni","rotulo":[-65.9069,-13.7587]},"geometry":{"type":"Polygon","coordinates":[[[-65.1054,-14.0167],[-65.1328,-13.9728],[-65.1384,-13.9265],[-65.1895,-13.8635],[-65.1722,-13.8097],[-65.2292,-13.8313],[-65.2677,-13.7844],[-65.3255,-13.7331],[-65.3333,-13.6579],[-65.3174,-13.6066],[-65.3233,-13.5829],[-65.2824,-13.5736],[-65.259,-13.5415],[-65.2804,-13.4967],[-65.3017,-13.4893],[-65.2268,-13.4282],[-65.2379,-13.3936],[-65.2767,-13.3962],[-65.2608,-13.3574],[-65.2175,-13.3359],[-65.1948,-13.2999],[-65.2425,-13.3005],[-65.2078,-13.2238],[-65.1775,-13.181],[-65.2009,-13.1096],[-65.1669,-13.1102],[-65.1293,-13.129],[-65.0635,-13.0464],[-65.0283,-13.0308],[-65.0347,-12.9962],[-65.0192,-12.9474],[-65.0379,-12.9184],[-65.0567,-12.8466],[-64.9979,-12.8385],[-65.0177,-12.7696],[-65.0211,-12.7274],[-65.0543,-12.6938],[-65.0525,-12.6446],[-65.0282,-12.6196],[-65.0272,-12.5838],[-65.0642,-12.556],[-65.1327,-12.4522],[-65.1613,-12.4256],[-65.1775,-12.3855],[-65.1659,-12.3584],[-65.1111,-12.3544],[-65.1163,-12.3266],[-65.1578,-12.3154],[-65.1574,-12.2921],[-65.1113,-12.2868],[-65.1404,-12.206],[-65.1866,-12.1571],[-65.1561,-12.1412],[-65.1382,-12.187],[-65.1002,-12.1534],[-65.1129,-12.1093],[-65.0727,-12.1118],[-65.0845,-12.0327],[-65.1282,-12.0259],[-65.1217,-12.0001],[-65.4607,-12.0],[-66.2679,-12.0],[-66.288,-12.036],[-66.2883,-12.091],[-66.3042,-12.1472],[-66.292,-12.1718],[-66.3065,-12.2225],[-66.2699,-12.2538],[-66.268,-12.3073],[-66.3066,-12.376],[-66.3338,-12.3952],[-66.4385,-12.5423],[-66.4403,-12.5889],[-66.4886,-12.7073],[-66.5137,-12.7257],[-66.5158,-13.5711],[-66.5211,-14.3107],[-66.5315,-15.5655],[-66.276,-15.417],[-66.2343,-15.4082],[-66.2018,-15.3705],[-66.0672,-15.285],[-65.9604,-15.2557],[-65.9383,-15.181],[-65.879,-15.1628],[-65.8708,-15.1336],[-65.8182,-15.1065],[-65.8379,-15.0701],[-65.8244,-15.0461],[-65.8274,-14.9977],[-65.7949,-14.9733],[-65.7837,-14.9432],[-65.7553,-14.9257],[-65.7578,-14.8784],[-65.7797,-14.8253],[-65.7508,-14.8096],[-65.7503,-14.7353],[-65.7674,-14.7137],[-65.7452,-14.6801],[-65.6634,-14.6653],[-65.6406,-14.6422],[-65.5919,-14.5668],[-65.5301,-14.5177],[-65.5386,-14.5038],[-65.5069,-14.45],[-65.5144,-14.4183],[-65.4753,-14.3331],[-65.4442,-14.3189],[-65.4508,-14.2402],[-65.4245,-14.1974],[-65.3831,-14.154],[-65.0471,-14.1576],[-65.0327,-14.1075],[-65.0852,-14.1086],[-65.0627,-14.064],[-65.0748,-14.0348],[-65.1054,-14.0167]]]}},{"type":"Feature","properties":{"nombre":"Azurduy","departamento":"Chuquisaca","rotulo":[-64.4772,-20.0164]},"geometry":{"type":"Polygon","coordinates":[[[-64.3103,-19.8603],[-64.3617,-19.8297],[-64.4139,-19.8224],[-64.4095,-19.7905],[-64.3708,-19.7605],[-64.3766,-19.708],[-64.4065,-19.699],[-64.4278,-19.6122],[-64.4548,-19.5613],[-64.4975,-19.576],[-64.5184,-19.5523],[-64.5511,-19.5683],[-64.6285,-19.5662],[-64.6302,-19.6276],[-64.6937,-19.6219],[-64.7263,-19.6587],[-64.7775,-19.6649],[-64.7418,-19.707],[-64.7144,-19.7796],[-64.6943,-19.8149],[-64.7034,-19.8697],[-64.64,-19.9612],[-64.6043,-20.0279],[-64.5848,-20.1185],[-64.5851,-20.2507],[-64.5619,-20.4018],[-64.529,-20.45],[-64.4784,-20.4487],[-64.4258,-20.4825],[-64.3222,-20.4508],[-64.2914,-20.4571],[-64.2803,-20.3913],[-64.2909,-20.3232],[-64.3134,-20.2778],[-64.2963,-20.2515],[-64.3148,-20.1508],[-64.2913,-20.1123],[-64.2984,-20.0802],[-64.3521,-20.0049],[-64.3208,-19.9754],[-64.3267,-19.9213],[-64.3103,-19.8603]]]}},{"type":"Feature","properties":{"nombre":"Belisario Boeto","departamento":"Chuquisaca","rotulo":[-64.3334,-18.9143]},"geometry":{"type":"Polygon","coordinates":[[[-64.3292,-18.6655],[-64.3708,-18.6231],[-64.4239,-18.6278],[-64.4289,-18.6293],[-64.4339,-18.633],[-64.4383,-18.6413],[-64.4697,-18.6685],[-64.5033,-18.6704],[-64.4976,-18.7286],[-64.5076,-18.7873],[-64.4791,-18.8823],[-64.4441,-18.9462],[-64.4655,-18.9899],[-64.4043,-19.0641],[-64.403,-19.113],[-64.3833,-19.1485],[-64.3465,-19.14],[-64.3414,-19.1788],[-64.2786,-19.1713],[-64.2468,-19.2241],[-64.2288,-19.2015],[-64.1209,-19.1944],[-64.0687,-19.1568],[-64.0225,-19.1567],[-64.0412,-19.1209],[-64.0461,-19.058],[-64.0685,-19.0053],[-64.1304,-18.9643],[-64.164,-18.9694],[-64.1959,-18.9482],[-64.2143,-18.8811],[-64.2583,-18.8374],[-64.2773,-18.8366],[-64.2868,-18.7857],[-64.3198,-18.7267],[-64.3292,-18.6655]]]}},{"type":"Feature","properties":{"nombre":"Hernando Siles","departamento":"Chuquisaca","rotulo":[-64.0706,-20.2011]},"geometry":{"type":"Polygon","coordinates":[[[-64.2914,-20.4571],[-64.2716,-20.5127],[-64.2457,-20.5264],[-64.2316,-20.5602],[-64.2442,-20.6259],[-64.2201,-20.7231],[-64.1844,-20.731],[-64.1872,-20.8489],[-64.1604,-20.8874],[-64.0256,-20.9625],[-63.9874,-21.0037],[-63.8677,-21.0037],[-63.8815,-20.9491],[-63.8809,-20.8757],[-63.8493,-20.8519],[-63.8314,-20.8064],[-63.8254,-20.7505],[-63.8289,-20.6402],[-63.8076,-20.5413],[-63.8144,-20.5264],[-63.8032,-20.4509],[-63.8052,-20.4013],[-63.8312,-20.3173],[-63.8383,-20.1288],[-63.8448,-20.1134],[-63.839,-19.9361],[-63.8474,-19.8563],[-63.887,-19.7929],[-63.9029,-19.732],[-63.9024,-19.635],[-63.9225,-19.4772],[-63.9722,-19.4711],[-63.9797,-19.5552],[-64.011,-19.581],[-64.0832,-19.611],[-64.0799,-19.6888],[-64.1273,-19.6849],[-64.1602,-19.6968],[-64.1605,-19.8434],[-64.1941,-19.8746],[-64.3103,-19.8603],[-64.3267,-19.9213],[-64.3208,-19.9754],[-64.3521,-20.0049],[-64.2984,-20.0802],[-64.2913,-20.1123],[-64.3148,-20.1508],[-64.2963,-20.2515],[-64.3134,-20.2778],[-64.2909,-20.3232],[-64.2803,-20.3913],[-64.2914,-20.4571]]]}},{"type":"Feature","properties":{"nombre":"Luis Calvo","departamento":"Chuquisaca","rotulo":[-63.7826,-19.9896]},"geometry":{"type":"Polygon","coordinates":[[[-63.7052,-19.0431],[-63.7687,-19.0316],[-63.8389,-19.0496],[-63.8844,-19.0294],[-63.9076,-19.0481],[-63.9072,-19.1603],[-63.9246,-19.1763],[-64.0099,-19.1798],[-63.9997,-19.2085],[-63.9957,-19.2827],[-64.0029,-19.3058],[-63.9612,-19.4528],[-63.9722,-19.4711],[-63.9225,-19.4772],[-63.9024,-19.635],[-63.9029,-19.732],[-63.887,-19.7929],[-63.8474,-19.8563],[-63.839,-19.9361],[-63.8448,-20.1134],[-63.8383,-20.1288],[-63.8312,-20.3173],[-63.8052,-20.4013],[-63.8032,-20.4509],[-63.8144,-20.5264],[-63.8076,-20.5413],[-63.8289,-20.6402],[-63.8254,-20.7505],[-63.8314,-20.8064],[-63.8493,-20.8519],[-63.8809,-20.8757],[-63.8815,-20.9491],[-63.8677,-21.0037],[-63.5954,-21.0037],[-63.0015,-21.0037],[-62.2613,-20.9925],[-62.2666,-20.5627],[-62.1794,-20.4426],[-62.6925,-20.4422],[-63.0219,-20.4442],[-63.2491,-20.4606],[-63.3576,-20.4601],[-63.3571,-20.3925],[-63.3997,-20.3986],[-63.4214,-20.4404],[-63.5195,-20.4601],[-63.581,-20.448],[-63.6672,-20.4732],[-63.6842,-20.4651],[-63.6955,-20.3983],[-63.6924,-20.3454],[-63.7076,-20.2543],[-63.6808,-20.2084],[-63.6981,-20.187],[-63.6923,-20.1487],[-63.7258,-20.1157],[-63.7323,-20.0272],[-63.7164,-19.952],[-63.7198,-19.908],[-63.709,-19.8611],[-63.7216,-19.7537],[-63.7115,-19.6739],[-63.7009,-19.6546],[-63.7102,-19.5729],[-63.7061,-19.4693],[-63.7209,-19.4173],[-63.713,-19.3765],[-63.7206,-19.3349],[-63.7145,-19.2721],[-63.7445,-19.1852],[-63.7343,-19.1325],[-63.7186,-19.113],[-63.7052,-19.0431]]]}},{"type":"Feature","properties":{"nombre":"Nor Cinti","departamento":"Chuquisaca","rotulo":[-64.9035,-20.3503]},"geometry":{"type":"Polygon","coordinates":[[[-64.7144,-19.7796],[-64.7393,-19.7898],[-64.7842,-19.8542],[-64.795,-19.9028],[-64.8292,-19.9331],[-64.8508,-19.9811],[-64.8908,-19.9636],[-64.8931,-19.9247],[-64.919,-19.86],[-64.9416,-19.8765],[-64.9892,-19.8457],[-65.0302,-19.7946],[-65.0525,-19.8062],[-65.0831,-19.9319],[-65.0597,-19.9501],[-65.1074,-20.0154],[-65.1522,-20.0124],[-65.2033,-19.938],[-65.3051,-20.0261],[-65.2337,-20.1305],[-65.2713,-20.1514],[-65.3161,-20.1976],[-65.3137,-20.2305],[-65.2826,-20.2327],[-65.2218,-20.3138],[-65.2526,-20.3868],[-65.2435,-20.4151],[-65.2714,-20.4577],[-65.2686,-20.5047],[-65.3276,-20.5119],[-65.3824,-20.5817],[-65.3472,-20.6226],[-65.3632,-20.672],[-65.3569,-20.7258],[-65.3763,-20.7512],[-65.3468,-20.8324],[-65.3483,-20.8572],[-65.3115,-20.8571],[-65.2215,-20.8836],[-65.1912,-20.9002],[-65.1256,-20.8662],[-65.0841,-20.8607],[-65.0859,-20.8203],[-65.0543,-20.7796],[-65.0342,-20.6913],[-64.9879,-20.6979],[-64.9257,-20.7735],[-64.8451,-20.7941],[-64.8169,-20.7423],[-64.7589,-20.7042],[-64.729,-20.715],[-64.6381,-20.722],[-64.6074,-20.6867],[-64.5759,-20.6902],[-64.5251,-20.6475],[-64.4809,-20.6356],[-64.455,-20.6114],[-64.3739,-20.6133],[-64.3166,-20.5713],[-64.2967,-20.5289],[-64.2716,-20.5127],[-64.2914,-20.4571],[-64.3222,-20.4508],[-64.4258,-20.4825],[-64.4784,-20.4487],[-64.529,-20.45],[-64.5619,-20.4018],[-64.5851,-20.2507],[-64.5848,-20.1185],[-64.6043,-20.0279],[-64.64,-19.9612],[-64.7034,-19.8697],[-64.6943,-19.8149],[-64.7144,-19.7796]]]}},{"type":"Feature","properties":{"nombre":"Oropeza","departamento":"Chuquisaca","rotulo":[-65.2269,-18.8415]},"geometry":{"type":"Polygon","coordinates":[[[-65.3457,-18.4179],[-65.3661,-18.4356],[-65.4412,-18.4038],[-65.507,-18.3867],[-65.5465,-18.4046],[-65.5908,-18.3748],[-65.6256,-18.3753],[-65.6939,-18.3519],[-65.6842,-18.4171],[-65.6241,-18.462],[-65.6238,-18.5011],[-65.5839,-18.4983],[-65.5261,-18.5265],[-65.486,-18.5908],[-65.4216,-18.605],[-65.3839,-18.6419],[-65.4191,-18.6632],[-65.4006,-18.702],[-65.4292,-18.748],[-65.4171,-18.7808],[-65.4343,-18.822],[-65.4206,-18.8767],[-65.3977,-18.9174],[-65.4849,-18.9277],[-65.5324,-18.9765],[-65.5873,-18.9978],[-65.546,-19.0818],[-65.487,-19.0964],[-65.4699,-19.1226],[-65.4062,-19.1438],[-65.3933,-19.2037],[-65.3611,-19.2628],[-65.3304,-19.2714],[-65.3166,-19.3013],[-65.2307,-19.3205],[-65.2151,-19.3439],[-65.1698,-19.3604],[-65.1483,-19.2692],[-65.197,-19.1917],[-65.2065,-19.1613],[-65.1882,-19.1309],[-65.1291,-19.0833],[-65.1126,-19.1203],[-65.0854,-19.1112],[-65.0655,-18.9837],[-65.0915,-18.933],[-65.0493,-18.9313],[-65.074,-18.8934],[-65.0452,-18.8562],[-65.0034,-18.8269],[-65.0271,-18.7811],[-65.0569,-18.676],[-65.102,-18.6402],[-65.1643,-18.6102],[-65.2027,-18.624],[-65.2436,-18.6107],[-65.2387,-18.563],[-65.2458,-18.506],[-65.2784,-18.509],[-65.2919,-18.464],[-65.3358,-18.4482],[-65.3457,-18.4179]]]}},{"type":"Feature","properties":{"nombre":"Sur Cinti","departamento":"Chuquisaca","rotulo":[-64.3898,-21.0203]},"geometry":{"type":"Polygon","coordinates":[[[-64.2716,-20.5127],[-64.2967,-20.5289],[-64.3166,-20.5713],[-64.3739,-20.6133],[-64.455,-20.6114],[-64.4809,-20.6356],[-64.5251,-20.6475],[-64.5759,-20.6902],[-64.6074,-20.6867],[-64.6381,-20.722],[-64.729,-20.715],[-64.7589,-20.7042],[-64.8169,-20.7423],[-64.8451,-20.7941],[-64.9257,-20.7735],[-64.9879,-20.6979],[-65.0342,-20.6913],[-65.0543,-20.7796],[-65.0859,-20.8203],[-65.0841,-20.8607],[-65.1256,-20.8662],[-65.1912,-20.9002],[-65.2215,-20.8836],[-65.3115,-20.8571],[-65.3483,-20.8572],[-65.3767,-20.8697],[-65.4011,-20.9471],[-65.3999,-21.0069],[-65.4206,-21.0613],[-65.4186,-21.0958],[-65.4025,-21.1603],[-65.4417,-21.1811],[-65.4302,-21.3151],[-65.4371,-21.4265],[-65.4077,-21.4319],[-65.3877,-21.5164],[-65.3117,-21.4858],[-65.2498,-21.4824],[-65.2187,-21.3012],[-65.2233,-21.2584],[-65.2064,-21.2398],[-65.1896,-21.1643],[-65.2026,-21.0859],[-65.1766,-20.951],[-65.0939,-20.976],[-65.0694,-20.9707],[-65.0403,-21.0143],[-64.9997,-21.0263],[-64.9262,-21.0328],[-64.8852,-21.0787],[-64.8041,-21.0968],[-64.7276,-20.9414],[-64.6668,-20.9405],[-64.6426,-20.9672],[-64.6051,-20.9819],[-64.5464,-21.0812],[-64.5272,-21.0976],[-64.4571,-21.0831],[-64.391,-21.124],[-64.3413,-21.1457],[-64.2762,-21.1346],[-64.2302,-21.1521],[-64.2032,-21.1349],[-64.189,-21.0902],[-64.1993,-21.0336],[-64.1835,-20.9365],[-64.1876,-20.9331],[-64.1774,-20.9042],[-64.1749,-20.8984],[-64.1808,-20.8916],[-64.1787,-20.887],[-64.1604,-20.8874],[-64.1872,-20.8489],[-64.1844,-20.731],[-64.2201,-20.7231],[-64.2442,-20.6259],[-64.2316,-20.5602],[-64.2457,-20.5264],[-64.2716,-20.5127]]]}},{"type":"Feature","properties":{"nombre":"Tomina","departamento":"Chuquisaca","rotulo":[-64.3142,-19.3597]},"geometry":{"type":"Polygon","coordinates":[[[-64.3103,-19.8603],[-64.1941,-19.8746],[-64.1605,-19.8434],[-64.1602,-19.6968],[-64.1273,-19.6849],[-64.0799,-19.6888],[-64.0832,-19.611],[-64.011,-19.581],[-63.9797,-19.5552],[-63.9722,-19.4711],[-63.9612,-19.4528],[-64.0029,-19.3058],[-63.9957,-19.2827],[-63.9997,-19.2085],[-64.0099,-19.1798],[-64.0225,-19.1567],[-64.0687,-19.1568],[-64.1209,-19.1944],[-64.2288,-19.2015],[-64.2468,-19.2241],[-64.2786,-19.1713],[-64.3414,-19.1788],[-64.3465,-19.14],[-64.3833,-19.1485],[-64.403,-19.113],[-64.4043,-19.0641],[-64.4655,-18.9899],[-64.4441,-18.9462],[-64.4791,-18.8823],[-64.5075,-18.9252],[-64.4987,-19.0028],[-64.5609,-18.9966],[-64.6196,-19.0562],[-64.5875,-19.1182],[-64.5882,-19.1871],[-64.5777,-19.2185],[-64.5947,-19.2419],[-64.5727,-19.2872],[-64.6182,-19.3165],[-64.6633,-19.4028],[-64.6598,-19.4465],[-64.6295,-19.4817],[-64.6285,-19.5662],[-64.5511,-19.5683],[-64.5184,-19.5523],[-64.4975,-19.576],[-64.4548,-19.5613],[-64.4278,-19.6122],[-64.4065,-19.699],[-64.3766,-19.708],[-64.3708,-19.7605],[-64.4095,-19.7905],[-64.4139,-19.8224],[-64.3617,-19.8297],[-64.3103,-19.8603]]]}},{"type":"Feature","properties":{"nombre":"Yamparáez","departamento":"Chuquisaca","rotulo":[-64.9684,-19.1256]},"geometry":{"type":"Polygon","coordinates":[[[-64.8793,-19.3973],[-64.8772,-19.3611],[-64.8543,-19.351],[-64.8551,-19.2937],[-64.8218,-19.2806],[-64.7606,-19.2949],[-64.719,-19.2766],[-64.7284,-19.2224],[-64.7488,-19.1737],[-64.7514,-19.1317],[-64.7779,-19.0891],[-64.7882,-19.0491],[-64.8308,-19.0429],[-64.8575,-18.9898],[-64.9053,-19.0042],[-64.9176,-18.9864],[-64.9605,-19.012],[-64.9795,-18.9843],[-64.9682,-18.9532],[-64.9907,-18.875],[-65.0452,-18.8562],[-65.074,-18.8934],[-65.0493,-18.9313],[-65.0915,-18.933],[-65.0655,-18.9837],[-65.0854,-19.1112],[-65.1126,-19.1203],[-65.1291,-19.0833],[-65.1882,-19.1309],[-65.2065,-19.1613],[-65.197,-19.1917],[-65.1483,-19.2692],[-65.1698,-19.3604],[-65.141,-19.3781],[-65.1022,-19.3731],[-65.0561,-19.3858],[-65.0041,-19.352],[-64.9704,-19.3468],[-64.8935,-19.3801],[-64.8793,-19.3973]]]}},{"type":"Feature","properties":{"nombre":"Zudáñez","departamento":"Chuquisaca","rotulo":[-64.6966,-19.0726]},"geometry":{"type":"Polygon","coordinates":[[[-64.6285,-19.5662],[-64.6295,-19.4817],[-64.6598,-19.4465],[-64.6633,-19.4028],[-64.6182,-19.3165],[-64.5727,-19.2872],[-64.5947,-19.2419],[-64.5777,-19.2185],[-64.5882,-19.1871],[-64.5875,-19.1182],[-64.6196,-19.0562],[-64.5609,-18.9966],[-64.4987,-19.0028],[-64.5075,-18.9252],[-64.4791,-18.8823],[-64.5076,-18.7873],[-64.4976,-18.7286],[-64.5033,-18.6704],[-64.5579,-18.6745],[-64.6337,-18.6174],[-64.6525,-18.5724],[-64.7008,-18.5305],[-64.7352,-18.5378],[-64.7844,-18.526],[-64.8073,-18.4885],[-64.8754,-18.4885],[-65.0046,-18.5725],[-65.0514,-18.63],[-65.0569,-18.676],[-65.0271,-18.7811],[-65.0034,-18.8269],[-65.0452,-18.8562],[-64.9907,-18.875],[-64.9682,-18.9532],[-64.9795,-18.9843],[-64.9605,-19.012],[-64.9176,-18.9864],[-64.9053,-19.0042],[-64.8575,-18.9898],[-64.8308,-19.0429],[-64.7882,-19.0491],[-64.7779,-19.0891],[-64.7514,-19.1317],[-64.7488,-19.1737],[-64.7284,-19.2224],[-64.719,-19.2766],[-64.7606,-19.2949],[-64.8218,-19.2806],[-64.8551,-19.2937],[-64.8543,-19.351],[-64.8772,-19.3611],[-64.8793,-19.3973],[-64.8526,-19.4102],[-64.8369,-19.4695],[-64.8184,-19.5013],[-64.8428,-19.5896],[-64.7775,-19.6649],[-64.7263,-19.6587],[-64.6937,-19.6219],[-64.6302,-19.6276],[-64.6285,-19.5662]]]}},{"type":"Feature","properties":{"nombre":"Arani","departamento":"Cochabamba","rotulo":[-65.6463,-17.6204]},"geometry":{"type":"Polygon","coordinates":[[[-65.4991,-17.501],[-65.5945,-17.5063],[-65.6443,-17.4989],[-65.6964,-17.52],[-65.763,-17.5179],[-65.8041,-17.5476],[-65.813,-17.5968],[-65.7448,-17.6455],[-65.7342,-17.6732],[-65.7032,-17.6827],[-65.6647,-17.658],[-65.6382,-17.6624],[-65.5521,-17.7084],[-65.512,-17.6935],[-65.4901,-17.643],[-65.5351,-17.5978],[-65.5447,-17.5595],[-65.4952,-17.5324],[-65.4569,-17.5608],[-65.4418,-17.5427],[-65.4991,-17.501]]]}},{"type":"Feature","properties":{"nombre":"Arque","departamento":"Cochabamba","rotulo":[-66.5677,-17.8034]},"geometry":{"type":"Polygon","coordinates":[[[-66.2723,-17.9559],[-66.2517,-17.9343],[-66.2799,-17.8622],[-66.3308,-17.8716],[-66.3633,-17.8298],[-66.3947,-17.72],[-66.3907,-17.6986],[-66.3998,-17.679],[-66.4267,-17.6873],[-66.4574,-17.6582],[-66.5276,-17.709],[-66.606,-17.7307],[-66.6759,-17.7338],[-66.7079,-17.6916],[-66.7556,-17.7077],[-66.7715,-17.7811],[-66.772,-17.7818],[-66.757,-17.825],[-66.7227,-17.8476],[-66.7151,-17.9001],[-66.7428,-17.9454],[-66.7143,-17.9516],[-66.5597,-17.8969],[-66.5328,-17.8956],[-66.4965,-17.9294],[-66.4632,-17.9102],[-66.4314,-17.9734],[-66.372,-17.9566],[-66.2723,-17.9559]]]}},{"type":"Feature","properties":{"nombre":"Ayopaya","departamento":"Cochabamba","rotulo":[-66.4619,-16.6324]},"geometry":{"type":"Polygon","coordinates":[[[-66.7954,-15.7851],[-66.8368,-15.7967],[-66.8605,-15.7831],[-66.8972,-15.8233],[-66.9014,-15.868],[-66.8688,-15.9354],[-66.9208,-15.9983],[-66.9092,-16.0457],[-66.9205,-16.0914],[-66.8945,-16.1121],[-66.8443,-16.195],[-66.8533,-16.2451],[-66.8195,-16.2695],[-66.7949,-16.3443],[-66.7946,-16.3983],[-66.783,-16.4198],[-66.7888,-16.4845],[-66.7765,-16.5218],[-66.7321,-16.5901],[-66.741,-16.6567],[-66.7577,-16.7032],[-66.7412,-16.7552],[-66.7848,-16.8065],[-66.8415,-16.8403],[-66.924,-16.8358],[-66.9736,-16.8921],[-66.9702,-16.921],[-67.0031,-16.9477],[-67.0018,-16.9893],[-66.9807,-17.0468],[-66.9306,-17.1071],[-66.8904,-17.1398],[-66.89,-17.2061],[-66.8775,-17.2332],[-66.8888,-17.2835],[-66.8426,-17.3175],[-66.8464,-17.3843],[-66.8182,-17.397],[-66.8164,-17.399],[-66.7946,-17.4306],[-66.7331,-17.4485],[-66.7165,-17.4094],[-66.6813,-17.4057],[-66.6249,-17.4273],[-66.5655,-17.3674],[-66.5388,-17.3873],[-66.5009,-17.3603],[-66.4807,-17.2876],[-66.4538,-17.2654],[-66.4175,-17.2633],[-66.3993,-17.2438],[-66.4589,-17.1816],[-66.4561,-17.1404],[-66.4201,-17.0778],[-66.3799,-17.0462],[-66.3271,-17.0739],[-66.3036,-17.045],[-66.3144,-17.0145],[-66.3501,-16.9955],[-66.3109,-16.9714],[-66.2946,-16.9856],[-66.2251,-16.9398],[-66.2178,-16.9196],[-66.2633,-16.8856],[-66.3117,-16.832],[-66.3017,-16.7782],[-66.2581,-16.76],[-66.1854,-16.7746],[-66.1712,-16.757],[-66.189,-16.6082],[-66.1415,-16.5592],[-66.1619,-16.5241],[-66.2288,-16.4824],[-66.3232,-16.3992],[-66.3064,-16.3573],[-66.3079,-16.2875],[-66.3393,-16.1172],[-66.3674,-16.104],[-66.4769,-16.0044],[-66.5697,-15.9606],[-66.6156,-15.9517],[-66.6388,-15.916],[-66.7071,-15.8939],[-66.7663,-15.8464],[-66.8075,-15.828],[-66.7944,-15.7878],[-66.7954,-15.7851]]]}},{"type":"Feature","properties":{"nombre":"Bolívar","departamento":"Cochabamba","rotulo":[-66.6529,-18.02]},"geometry":{"type":"Polygon","coordinates":[[[-66.4314,-17.9734],[-66.4632,-17.9102],[-66.4965,-17.9294],[-66.5328,-17.8956],[-66.5597,-17.8969],[-66.7143,-17.9516],[-66.7428,-17.9454],[-66.7884,-17.9882],[-66.8414,-18.0517],[-66.8157,-18.1113],[-66.7852,-18.1357],[-66.7247,-18.1159],[-66.6369,-18.1189],[-66.6046,-18.0835],[-66.5335,-18.0584],[-66.4449,-17.9786],[-66.4314,-17.9734]]]}},{"type":"Feature","properties":{"nombre":"Campero","departamento":"Cochabamba","rotulo":[-64.9012,-18.2853]},"geometry":{"type":"Polygon","coordinates":[[[-64.3292,-18.6655],[-64.3149,-18.6262],[-64.2809,-18.5999],[-64.2967,-18.5655],[-64.306,-18.5046],[-64.3642,-18.4641],[-64.4026,-18.4507],[-64.4276,-18.4181],[-64.4392,-18.3291],[-64.4626,-18.3244],[-64.4942,-18.2345],[-64.5196,-18.1723],[-64.5456,-18.1356],[-64.6112,-18.0962],[-64.6661,-18.1045],[-64.7156,-18.0723],[-64.7663,-17.9849],[-64.8873,-17.9824],[-64.9323,-17.8951],[-64.9759,-17.8734],[-65.0207,-17.9324],[-65.0058,-17.9773],[-65.0142,-18.0236],[-65.0695,-18.0334],[-65.1335,-17.9968],[-65.1535,-17.9651],[-65.2164,-17.9238],[-65.2579,-17.9796],[-65.2605,-18.0182],[-65.2385,-18.0355],[-65.2211,-18.0885],[-65.2622,-18.094],[-65.2655,-18.1212],[-65.2974,-18.1269],[-65.2921,-18.1682],[-65.3091,-18.2032],[-65.3065,-18.2494],[-65.3373,-18.2723],[-65.3147,-18.2982],[-65.312,-18.3363],[-65.3391,-18.3616],[-65.3536,-18.406],[-65.3457,-18.4179],[-65.3358,-18.4482],[-65.2919,-18.464],[-65.2784,-18.509],[-65.2458,-18.506],[-65.2387,-18.563],[-65.2436,-18.6107],[-65.2027,-18.624],[-65.1643,-18.6102],[-65.102,-18.6402],[-65.0569,-18.676],[-65.0514,-18.63],[-65.0046,-18.5725],[-64.8754,-18.4885],[-64.8073,-18.4885],[-64.7844,-18.526],[-64.7352,-18.5378],[-64.7008,-18.5305],[-64.6525,-18.5724],[-64.6337,-18.6174],[-64.5579,-18.6745],[-64.5033,-18.6704],[-64.4697,-18.6685],[-64.4383,-18.6413],[-64.4339,-18.633],[-64.4289,-18.6293],[-64.4239,-18.6278],[-64.3708,-18.6231],[-64.3292,-18.6655]]]}},{"type":"Feature","properties":{"nombre":"Capinota","departamento":"Cochabamba","rotulo":[-66.243,-17.7093]},"geometry":{"type":"Polygon","coordinates":[[[-66.2517,-17.9343],[-66.226,-17.9526],[-66.1639,-17.907],[-66.1165,-17.8583],[-66.097,-17.8072],[-66.122,-17.7933],[-66.1295,-17.7464],[-66.1594,-17.6879],[-66.1301,-17.6146],[-66.1282,-17.5122],[-66.1623,-17.5258],[-66.2002,-17.5056],[-66.2423,-17.5037],[-66.2737,-17.4726],[-66.3214,-17.4791],[-66.3032,-17.5253],[-66.3086,-17.5596],[-66.2818,-17.5944],[-66.346,-17.6518],[-66.3335,-17.6982],[-66.3496,-17.7422],[-66.3907,-17.6986],[-66.3947,-17.72],[-66.3633,-17.8298],[-66.3308,-17.8716],[-66.2799,-17.8622],[-66.2517,-17.9343]]]}},{"type":"Feature","properties":{"nombre":"Carrasco","departamento":"Cochabamba","rotulo":[-64.9455,-16.9823]},"geometry":{"type":"Polygon","coordinates":[[[-65.5521,-17.7084],[-65.5033,-17.7544],[-65.4968,-17.774],[-65.3185,-17.7896],[-65.2949,-17.8587],[-65.2643,-17.8939],[-65.2164,-17.9238],[-65.1535,-17.9651],[-65.1335,-17.9968],[-65.0695,-18.0334],[-65.0142,-18.0236],[-65.0058,-17.9773],[-65.0207,-17.9324],[-64.9759,-17.8734],[-64.9323,-17.8951],[-64.8873,-17.9824],[-64.7663,-17.9849],[-64.8106,-17.9447],[-64.7866,-17.9333],[-64.8064,-17.8931],[-64.7776,-17.8298],[-64.7565,-17.7509],[-64.699,-17.7154],[-64.6589,-17.7166],[-64.6275,-17.659],[-64.6016,-17.6408],[-64.5884,-17.6006],[-64.6025,-17.5574],[-64.5502,-17.5658],[-64.5141,-17.5433],[-64.4894,-17.56],[-64.4323,-17.56],[-64.4276,-17.5235],[-64.4006,-17.4939],[-64.4051,-17.4575],[-64.3575,-17.4446],[-64.3491,-17.4235],[-64.3062,-17.4374],[-64.2539,-17.4255],[-64.2341,-17.3737],[-64.2466,-17.3027],[-64.2838,-17.2647],[-64.3391,-17.265],[-64.3362,-17.208],[-64.3661,-17.2156],[-64.3985,-17.1387],[-64.4695,-17.1336],[-64.4807,-17.114],[-64.5363,-17.0893],[-64.5217,-17.0563],[-64.5644,-17.0402],[-64.6411,-17.035],[-64.6833,-17.0193],[-64.7093,-16.9531],[-64.7502,-16.9119],[-64.7693,-16.8615],[-64.7894,-16.8447],[-64.8017,-16.797],[-64.841,-16.7456],[-64.8071,-16.6951],[-64.7553,-16.6574],[-64.7811,-16.6132],[-64.7505,-16.5934],[-64.7502,-16.5558],[-64.6856,-16.4523],[-64.6794,-16.408],[-64.6565,-16.3781],[-64.674,-16.3099],[-64.6932,-16.2855],[-64.6734,-16.2611],[-64.6715,-16.2049],[-64.6817,-16.1814],[-64.6737,-16.1373],[-64.6978,-16.1109],[-64.702,-16.0349],[-64.7554,-15.9421],[-64.7836,-15.9809],[-64.7928,-16.0234],[-64.77,-16.0725],[-64.8314,-16.1268],[-64.8535,-16.1592],[-64.8924,-16.1719],[-64.9,-16.222],[-64.9183,-16.2227],[-64.9207,-16.2758],[-64.9722,-16.3324],[-64.9438,-16.3834],[-64.9339,-16.4749],[-64.9944,-16.5668],[-65.0269,-16.5875],[-65.039,-16.6177],[-65.0834,-16.6696],[-65.1442,-16.7014],[-65.1348,-16.7365],[-65.1554,-16.7707],[-65.1473,-16.8041],[-65.1938,-16.853],[-65.1841,-16.8897],[-65.1959,-17.0115],[-65.2158,-17.0386],[-65.221,-17.1037],[-65.1838,-17.1041],[-65.1824,-17.1393],[-65.209,-17.2087],[-65.2452,-17.2383],[-65.227,-17.3122],[-65.2252,-17.3583],[-65.312,-17.4139],[-65.3142,-17.4455],[-65.3396,-17.4707],[-65.344,-17.5148],[-65.3812,-17.491],[-65.4991,-17.501],[-65.4418,-17.5427],[-65.4569,-17.5608],[-65.4952,-17.5324],[-65.5447,-17.5595],[-65.5351,-17.5978],[-65.4901,-17.643],[-65.512,-17.6935],[-65.5521,-17.7084]]]}},{"type":"Feature","properties":{"nombre":"Cercado","departamento":"Cochabamba","rotulo":[-66.1634,-17.3961]},"geometry":{"type":"Polygon","coordinates":[[[-66.1282,-17.5122],[-66.0701,-17.4689],[-66.1331,-17.3754],[-66.1164,-17.3264],[-66.1299,-17.2829],[-66.1562,-17.2781],[-66.1735,-17.3007],[-66.2179,-17.425],[-66.2312,-17.4168],[-66.2737,-17.4726],[-66.2423,-17.5037],[-66.2002,-17.5056],[-66.1623,-17.5258],[-66.1282,-17.5122]]]}},{"type":"Feature","properties":{"nombre":"Chapare","departamento":"Cochabamba","rotulo":[-65.623,-16.6437]},"geometry":{"type":"Polygon","coordinates":[[[-66.3036,-17.045],[-66.2558,-17.0861],[-66.179,-17.0744],[-66.1259,-17.0845],[-66.131,-17.1578],[-66.1865,-17.2051],[-66.1847,-17.2466],[-66.1562,-17.2781],[-66.1299,-17.2829],[-66.1164,-17.3264],[-66.1331,-17.3754],[-66.0701,-17.4689],[-66.0424,-17.5002],[-66.0176,-17.508],[-65.9457,-17.4792],[-65.8517,-17.4396],[-65.8504,-17.4101],[-65.8097,-17.381],[-65.7929,-17.3469],[-65.7618,-17.3326],[-65.7464,-17.3032],[-65.7015,-17.2661],[-65.6548,-17.1997],[-65.5838,-17.1691],[-65.579,-17.1499],[-65.5311,-17.1066],[-65.5014,-17.1011],[-65.4353,-17.0499],[-65.4191,-16.9779],[-65.3473,-16.9554],[-65.2932,-16.9223],[-65.2694,-16.9193],[-65.2072,-16.8787],[-65.1938,-16.853],[-65.1473,-16.8041],[-65.1554,-16.7707],[-65.1348,-16.7365],[-65.1442,-16.7014],[-65.0834,-16.6696],[-65.039,-16.6177],[-65.0269,-16.5875],[-64.9944,-16.5668],[-64.9339,-16.4749],[-64.9438,-16.3834],[-64.9722,-16.3324],[-64.9207,-16.2758],[-64.9183,-16.2227],[-64.9,-16.222],[-64.8924,-16.1719],[-64.8535,-16.1592],[-64.8314,-16.1268],[-64.77,-16.0725],[-64.7928,-16.0234],[-64.7836,-15.9809],[-64.7554,-15.9421],[-64.7304,-15.9202],[-64.749,-15.8709],[-64.7297,-15.802],[-64.9583,-15.801],[-65.0027,-15.8215],[-65.0412,-15.858],[-65.0807,-15.931],[-65.1162,-16.188],[-65.1398,-16.2366],[-65.2399,-16.3688],[-65.3534,-16.4006],[-65.5947,-16.4602],[-65.8617,-16.4917],[-65.9712,-16.467],[-66.0563,-16.4171],[-66.1697,-16.3628],[-66.2311,-16.2857],[-66.3393,-16.1172],[-66.3079,-16.2875],[-66.3064,-16.3573],[-66.3232,-16.3992],[-66.2288,-16.4824],[-66.1619,-16.5241],[-66.1415,-16.5592],[-66.189,-16.6082],[-66.1712,-16.757],[-66.1854,-16.7746],[-66.2581,-16.76],[-66.3017,-16.7782],[-66.3117,-16.832],[-66.2633,-16.8856],[-66.2178,-16.9196],[-66.2251,-16.9398],[-66.2946,-16.9856],[-66.3109,-16.9714],[-66.3501,-16.9955],[-66.3144,-17.0145],[-66.3036,-17.045]]]}},{"type":"Feature","properties":{"nombre":"Esteban Arze","departamento":"Cochabamba","rotulo":[-65.9504,-17.7396]},"geometry":{"type":"Polygon","coordinates":[[[-66.097,-17.8072],[-66.0439,-17.8388],[-65.9886,-17.9352],[-65.9513,-17.9483],[-65.9229,-17.994],[-65.8684,-17.9713],[-65.8,-18.0097],[-65.7724,-17.9874],[-65.7732,-17.9618],[-65.813,-17.931],[-65.7903,-17.8999],[-65.8056,-17.8662],[-65.783,-17.8532],[-65.749,-17.8707],[-65.722,-17.8259],[-65.7164,-17.7353],[-65.7666,-17.7438],[-65.7763,-17.7084],[-65.8226,-17.6917],[-65.855,-17.7223],[-65.8939,-17.6844],[-65.9257,-17.7064],[-65.9735,-17.6238],[-65.9563,-17.5962],[-66.0017,-17.5474],[-66.0628,-17.558],[-66.0794,-17.5431],[-66.0424,-17.5002],[-66.0701,-17.4689],[-66.1282,-17.5122],[-66.1301,-17.6146],[-66.1594,-17.6879],[-66.1295,-17.7464],[-66.122,-17.7933],[-66.097,-17.8072]]]}},{"type":"Feature","properties":{"nombre":"Germán Jordán","departamento":"Cochabamba","rotulo":[-65.9299,-17.5821]},"geometry":{"type":"Polygon","coordinates":[[[-66.0424,-17.5002],[-66.0794,-17.5431],[-66.0628,-17.558],[-66.0017,-17.5474],[-65.9563,-17.5962],[-65.9735,-17.6238],[-65.9257,-17.7064],[-65.8939,-17.6844],[-65.9012,-17.6565],[-65.8721,-17.6064],[-65.901,-17.568],[-65.9529,-17.5267],[-65.9457,-17.4792],[-66.0176,-17.508],[-66.0424,-17.5002]]]}},{"type":"Feature","properties":{"nombre":"Mizque","departamento":"Cochabamba","rotulo":[-65.5128,-18.0268]},"geometry":{"type":"Polygon","coordinates":[[[-65.7342,-17.6732],[-65.7479,-17.7035],[-65.7164,-17.7353],[-65.722,-17.8259],[-65.749,-17.8707],[-65.783,-17.8532],[-65.8056,-17.8662],[-65.7903,-17.8999],[-65.813,-17.931],[-65.7732,-17.9618],[-65.7724,-17.9874],[-65.8,-18.0097],[-65.7441,-18.0497],[-65.6841,-18.1126],[-65.6042,-18.1759],[-65.5967,-18.2036],[-65.5648,-18.2342],[-65.5012,-18.2689],[-65.4635,-18.3411],[-65.4293,-18.3686],[-65.4044,-18.3673],[-65.3536,-18.406],[-65.3391,-18.3616],[-65.312,-18.3363],[-65.3147,-18.2982],[-65.3373,-18.2723],[-65.3065,-18.2494],[-65.3091,-18.2032],[-65.2921,-18.1682],[-65.2974,-18.1269],[-65.2655,-18.1212],[-65.2622,-18.094],[-65.2211,-18.0885],[-65.2385,-18.0355],[-65.2605,-18.0182],[-65.2579,-17.9796],[-65.2164,-17.9238],[-65.2643,-17.8939],[-65.2949,-17.8587],[-65.3185,-17.7896],[-65.4968,-17.774],[-65.5033,-17.7544],[-65.5521,-17.7084],[-65.6382,-17.6624],[-65.6647,-17.658],[-65.7032,-17.6827],[-65.7342,-17.6732]]]}},{"type":"Feature","properties":{"nombre":"Punata","departamento":"Cochabamba","rotulo":[-65.8503,-17.5824]},"geometry":{"type":"Polygon","coordinates":[[[-65.763,-17.5179],[-65.7913,-17.4732],[-65.8517,-17.4396],[-65.9457,-17.4792],[-65.9529,-17.5267],[-65.901,-17.568],[-65.8721,-17.6064],[-65.9012,-17.6565],[-65.8939,-17.6844],[-65.855,-17.7223],[-65.8226,-17.6917],[-65.7763,-17.7084],[-65.7666,-17.7438],[-65.7164,-17.7353],[-65.7479,-17.7035],[-65.7342,-17.6732],[-65.7448,-17.6455],[-65.813,-17.5968],[-65.8041,-17.5476],[-65.763,-17.5179]]]}},{"type":"Feature","properties":{"nombre":"Quillacollo","departamento":"Cochabamba","rotulo":[-66.3675,-17.3957]},"geometry":{"type":"Polygon","coordinates":[[[-66.3907,-17.6986],[-66.3496,-17.7422],[-66.3335,-17.6982],[-66.346,-17.6518],[-66.2818,-17.5944],[-66.3086,-17.5596],[-66.3032,-17.5253],[-66.3214,-17.4791],[-66.2737,-17.4726],[-66.2312,-17.4168],[-66.2179,-17.425],[-66.1735,-17.3007],[-66.1562,-17.2781],[-66.1847,-17.2466],[-66.1865,-17.2051],[-66.131,-17.1578],[-66.1259,-17.0845],[-66.179,-17.0744],[-66.2558,-17.0861],[-66.3036,-17.045],[-66.3271,-17.0739],[-66.3799,-17.0462],[-66.4201,-17.0778],[-66.4561,-17.1404],[-66.4589,-17.1816],[-66.3993,-17.2438],[-66.4175,-17.2633],[-66.4538,-17.2654],[-66.4807,-17.2876],[-66.5009,-17.3603],[-66.5388,-17.3873],[-66.5085,-17.4102],[-66.5004,-17.4042],[-66.4953,-17.4544],[-66.4234,-17.4893],[-66.3949,-17.4889],[-66.3805,-17.5566],[-66.4272,-17.5445],[-66.4466,-17.5611],[-66.4277,-17.6068],[-66.4075,-17.6129],[-66.3808,-17.6577],[-66.3998,-17.679],[-66.3907,-17.6986]]]}},{"type":"Feature","properties":{"nombre":"Tapacarí","departamento":"Cochabamba","rotulo":[-66.6646,-17.5758]},"geometry":{"type":"Polygon","coordinates":[[[-66.3998,-17.679],[-66.3808,-17.6577],[-66.4075,-17.6129],[-66.4277,-17.6068],[-66.4466,-17.5611],[-66.4272,-17.5445],[-66.3805,-17.5566],[-66.3949,-17.4889],[-66.4234,-17.4893],[-66.4953,-17.4544],[-66.5004,-17.4042],[-66.5085,-17.4102],[-66.5388,-17.3873],[-66.5655,-17.3674],[-66.6249,-17.4273],[-66.6813,-17.4057],[-66.7165,-17.4094],[-66.7331,-17.4485],[-66.7946,-17.4306],[-66.8164,-17.399],[-66.8182,-17.397],[-66.8464,-17.3843],[-66.8742,-17.4122],[-66.877,-17.4161],[-66.8753,-17.4219],[-66.8357,-17.4511],[-66.8175,-17.5166],[-66.8613,-17.5399],[-66.8999,-17.5905],[-66.8724,-17.6248],[-66.892,-17.6661],[-66.8608,-17.7126],[-66.8216,-17.7373],[-66.7791,-17.7844],[-66.7715,-17.7811],[-66.7556,-17.7077],[-66.7079,-17.6916],[-66.6759,-17.7338],[-66.606,-17.7307],[-66.5276,-17.709],[-66.4574,-17.6582],[-66.4267,-17.6873],[-66.3998,-17.679]]]}},{"type":"Feature","properties":{"nombre":"Tiraque","departamento":"Cochabamba","rotulo":[-65.4095,-17.1844]},"geometry":{"type":"Polygon","coordinates":[[[-65.4991,-17.501],[-65.3812,-17.491],[-65.344,-17.5148],[-65.3396,-17.4707],[-65.3142,-17.4455],[-65.312,-17.4139],[-65.2252,-17.3583],[-65.227,-17.3122],[-65.2452,-17.2383],[-65.209,-17.2087],[-65.1824,-17.1393],[-65.1838,-17.1041],[-65.221,-17.1037],[-65.2158,-17.0386],[-65.1959,-17.0115],[-65.1841,-16.8897],[-65.1938,-16.853],[-65.2072,-16.8787],[-65.2694,-16.9193],[-65.2932,-16.9223],[-65.3473,-16.9554],[-65.4191,-16.9779],[-65.4353,-17.0499],[-65.5014,-17.1011],[-65.5311,-17.1066],[-65.579,-17.1499],[-65.5838,-17.1691],[-65.6548,-17.1997],[-65.7015,-17.2661],[-65.7464,-17.3032],[-65.7618,-17.3326],[-65.7929,-17.3469],[-65.8097,-17.381],[-65.8504,-17.4101],[-65.8517,-17.4396],[-65.7913,-17.4732],[-65.763,-17.5179],[-65.6964,-17.52],[-65.6443,-17.4989],[-65.5945,-17.5063],[-65.4991,-17.501]]]}},{"type":"Feature","properties":{"nombre":"Abel Iturralde","departamento":"La Paz","rotulo":[-68.0554,-13.2282]},"geometry":{"type":"Polygon","coordinates":[[[-67.9963,-11.8497],[-67.9776,-11.8995],[-67.9776,-11.9359],[-68.0178,-11.9767],[-68.0614,-11.9982],[-68.0983,-12.0348],[-68.1842,-12.0111],[-68.2334,-12.0108],[-68.2253,-12.1383],[-68.2443,-12.1874],[-68.3015,-12.2281],[-68.339,-12.22],[-68.3782,-12.2312],[-68.4117,-12.2641],[-68.4029,-12.3027],[-68.4046,-12.3636],[-68.4609,-12.4203],[-68.5196,-12.3952],[-68.5639,-12.3897],[-68.5911,-12.4036],[-68.5626,-12.4591],[-68.6183,-12.4954],[-68.6522,-12.4977],[-68.7142,-12.6052],[-68.7417,-12.6341],[-68.7178,-12.6777],[-68.7423,-12.7255],[-68.7916,-12.7604],[-68.8341,-12.8102],[-68.8343,-12.8554],[-68.8646,-12.8674],[-68.8661,-12.9331],[-68.8782,-12.9563],[-68.8713,-13.0194],[-68.8501,-13.0373],[-68.8707,-13.1224],[-68.8696,-13.1789],[-68.8449,-13.2469],[-68.8613,-13.2856],[-68.8734,-13.3631],[-68.8977,-13.4115],[-68.8916,-13.4311],[-68.9151,-13.5136],[-68.9452,-13.535],[-68.9522,-13.6018],[-69.0635,-13.6585],[-69.067,-13.6879],[-69.0267,-13.7385],[-68.9774,-13.7583],[-68.974,-13.7788],[-68.995,-13.8448],[-68.9789,-13.8804],[-68.9835,-13.9298],[-68.9637,-13.9509],[-68.8999,-13.9752],[-68.4205,-14.1837],[-68.3522,-14.1181],[-68.2739,-14.0992],[-68.2365,-14.1086],[-68.1592,-14.1756],[-68.0857,-14.1942],[-68.0515,-14.2556],[-68.013,-14.2746],[-67.9868,-14.3383],[-67.9292,-14.3568],[-67.858,-14.481],[-67.7836,-14.5131],[-67.7189,-14.5594],[-67.6256,-14.5763],[-67.5624,-14.5956],[-67.5376,-14.5931],[-67.4994,-14.5609],[-67.4967,-14.5223],[-67.5339,-14.4501],[-67.5329,-14.4171],[-67.5546,-14.3668],[-67.517,-14.2941],[-67.4751,-14.28],[-67.5203,-14.2508],[-67.5126,-14.2196],[-67.5346,-14.1659],[-67.5048,-14.1124],[-67.5397,-14.1101],[-67.4984,-14.0601],[-67.5459,-14.0376],[-67.5274,-14.0074],[-67.5274,-13.9533],[-67.4861,-13.9198],[-67.5043,-13.8962],[-67.4739,-13.8644],[-67.5015,-13.8354],[-67.5221,-13.7793],[-67.4902,-13.769],[-67.419,-13.6995],[-67.4348,-13.6576],[-67.3934,-13.6407],[-67.3633,-13.609],[-67.3579,-13.5653],[-67.3965,-13.5186],[-67.3755,-13.4995],[-67.3959,-13.4377],[-67.3863,-13.3914],[-67.3338,-13.3699],[-67.3485,-13.3405],[-67.3001,-13.3051],[-67.2664,-13.2928],[-67.2495,-13.2519],[-67.2667,-13.2096],[-67.2207,-13.1662],[-67.1662,-13.1674],[-67.1591,-13.1029],[-67.0434,-13.0131],[-67.0469,-12.9567],[-67.0312,-12.929],[-67.0348,-12.8924],[-66.9932,-12.8808],[-66.9831,-12.8097],[-66.9682,-12.7716],[-66.9806,-12.7406],[-66.9538,-12.7206],[-66.9515,-12.668],[-66.9753,-12.6569],[-66.929,-12.6193],[-66.9731,-12.5958],[-66.9695,-12.5678],[-66.9205,-12.5284],[-66.9673,-12.4903],[-67.9963,-11.8497]]]}},{"type":"Feature","properties":{"nombre":"Aroma","departamento":"La Paz","rotulo":[-67.9472,-17.1717]},"geometry":{"type":"Polygon","coordinates":[[[-67.9971,-16.8442],[-68.0865,-16.7546],[-68.0964,-16.7684],[-68.1526,-16.7589],[-68.1767,-16.786],[-68.2912,-16.8803],[-68.3395,-16.8914],[-68.3736,-16.9179],[-68.3451,-17.0542],[-68.2986,-17.11],[-68.2528,-17.0889],[-68.2262,-17.0632],[-68.1848,-17.0592],[-68.1604,-17.0863],[-68.1645,-17.1154],[-68.1186,-17.1288],[-68.1156,-17.1873],[-68.0895,-17.237],[-68.1247,-17.2786],[-68.179,-17.2691],[-68.1959,-17.3019],[-68.1662,-17.4137],[-68.0979,-17.4861],[-68.0157,-17.4732],[-67.9783,-17.5055],[-67.8716,-17.5554],[-67.7972,-17.5501],[-67.7373,-17.56],[-67.6878,-17.5435],[-67.616,-17.5473],[-67.5753,-17.5911],[-67.5489,-17.5864],[-67.5054,-17.5182],[-67.4686,-17.5058],[-67.4297,-17.5605],[-67.3938,-17.5606],[-67.3745,-17.4618],[-67.3739,-17.4341],[-67.4526,-17.3097],[-67.4824,-17.2806],[-67.4531,-17.2331],[-67.485,-17.2181],[-67.4964,-17.1791],[-67.5715,-17.1842],[-67.6269,-17.1152],[-67.6524,-17.1131],[-67.6458,-17.1644],[-67.6595,-17.1881],[-67.765,-17.1854],[-67.8353,-17.1112],[-67.8654,-17.1128],[-67.8727,-17.0754],[-67.8368,-17.0347],[-67.8766,-17.0077],[-67.9016,-17.0178],[-67.9707,-16.9699],[-68.0245,-16.9202],[-68.0384,-16.8832],[-67.9971,-16.8442]]]}},{"type":"Feature","properties":{"nombre":"Bautista Saavedra","departamento":"La Paz","rotulo":[-68.814,-15.0574]},"geometry":{"type":"Polygon","coordinates":[[[-68.3371,-15.155],[-68.3663,-15.1125],[-68.4192,-15.0905],[-68.4692,-15.0371],[-68.5408,-14.9474],[-68.6994,-14.8072],[-68.7601,-14.7834],[-68.775,-14.796],[-68.822,-14.7743],[-68.8993,-14.8247],[-68.9042,-14.8639],[-68.9638,-14.9494],[-68.986,-14.9665],[-69.0054,-15.0104],[-69.1403,-15.0129],[-69.1715,-15.0413],[-69.1841,-15.0736],[-69.1764,-15.1067],[-69.212,-15.1441],[-69.1352,-15.2193],[-69.1199,-15.2594],[-69.0641,-15.3163],[-69.0328,-15.3228],[-68.9699,-15.3143],[-68.9142,-15.3579],[-68.8612,-15.331],[-68.8404,-15.2639],[-68.7858,-15.2317],[-68.7447,-15.2343],[-68.7047,-15.2073],[-68.6504,-15.2204],[-68.5452,-15.1748],[-68.5115,-15.1524],[-68.4778,-15.1527],[-68.4479,-15.1943],[-68.4108,-15.224],[-68.3935,-15.1916],[-68.3371,-15.155]]]}},{"type":"Feature","properties":{"nombre":"Camacho","departamento":"La Paz","rotulo":[-69.1125,-15.5781]},"geometry":{"type":"Polygon","coordinates":[[[-69.1199,-15.2594],[-69.176,-15.2615],[-69.1959,-15.3141],[-69.2154,-15.3177],[-69.2475,-15.371],[-69.2534,-15.4696],[-69.2905,-15.437],[-69.3309,-15.537],[-69.2815,-15.563],[-69.299,-15.607],[-69.2585,-15.6413],[-69.2621,-15.669],[-69.2113,-15.6773],[-69.1879,-15.6563],[-69.1461,-15.6889],[-69.1706,-15.7155],[-69.1112,-15.7284],[-69.0731,-15.7546],[-69.054,-15.7956],[-69.0316,-15.8086],[-69.0116,-15.861],[-68.962,-15.8964],[-68.9533,-15.879],[-68.9892,-15.8411],[-68.9777,-15.8019],[-68.9073,-15.8031],[-68.9179,-15.7726],[-68.9522,-15.738],[-68.9508,-15.6936],[-68.9034,-15.6379],[-68.9427,-15.5931],[-68.9279,-15.5499],[-68.9598,-15.5429],[-68.9652,-15.4702],[-68.912,-15.4096],[-68.9142,-15.3579],[-68.9699,-15.3143],[-69.0328,-15.3228],[-69.0641,-15.3163],[-69.1199,-15.2594]]]}},{"type":"Feature","properties":{"nombre":"Caranavi","departamento":"La Paz","rotulo":[-67.392,-15.6976]},"geometry":{"type":"Polygon","coordinates":[[[-67.4972,-15.3484],[-67.5289,-15.331],[-67.5734,-15.3728],[-67.5743,-15.4592],[-67.6077,-15.5161],[-67.6047,-15.561],[-67.6417,-15.6079],[-67.6134,-15.6324],[-67.6518,-15.7033],[-67.6423,-15.7222],[-67.6828,-15.7496],[-67.6537,-15.7856],[-67.6595,-15.8209],[-67.6283,-15.9118],[-67.6636,-15.9582],[-67.6736,-16.0066],[-67.6243,-16.0548],[-67.5994,-16.0548],[-67.3404,-16.0105],[-67.2853,-15.8927],[-67.2341,-15.8054],[-67.1817,-15.7804],[-67.1414,-15.723],[-67.134,-15.692],[-67.1454,-15.6485],[-67.1813,-15.64],[-67.2245,-15.6044],[-67.3398,-15.572],[-67.3863,-15.5519],[-67.3982,-15.5206],[-67.4599,-15.4856],[-67.4895,-15.4324],[-67.4854,-15.4134],[-67.5237,-15.3918],[-67.4972,-15.3484]]]}},{"type":"Feature","properties":{"nombre":"Franz Tamayo","departamento":"La Paz","rotulo":[-68.3802,-14.6116]},"geometry":{"type":"Polygon","coordinates":[[[-68.9637,-13.9509],[-68.9795,-13.9748],[-68.9308,-14.0265],[-68.8906,-14.047],[-68.872,-14.1105],[-68.8449,-14.141],[-68.8544,-14.1752],[-68.8318,-14.2055],[-68.8467,-14.2374],[-68.9852,-14.2374],[-68.9846,-14.335],[-69.0486,-14.4481],[-69.1159,-14.5045],[-69.1493,-14.5127],[-69.1492,-14.5763],[-69.2255,-14.5809],[-69.2265,-14.6276],[-69.258,-14.6855],[-69.2262,-14.7366],[-69.2423,-14.7595],[-69.3163,-14.7748],[-69.3575,-14.8128],[-69.3435,-14.8828],[-69.3644,-14.9298],[-69.3526,-14.9749],[-69.3244,-15.0054],[-69.2855,-15.0969],[-69.212,-15.1441],[-69.1764,-15.1067],[-69.1841,-15.0736],[-69.1715,-15.0413],[-69.1403,-15.0129],[-69.0054,-15.0104],[-68.986,-14.9665],[-68.9638,-14.9494],[-68.9042,-14.8639],[-68.8993,-14.8247],[-68.822,-14.7743],[-68.775,-14.796],[-68.7601,-14.7834],[-68.6994,-14.8072],[-68.5408,-14.9474],[-68.4692,-15.0371],[-68.4192,-15.0905],[-68.3663,-15.1125],[-68.3371,-15.155],[-68.2881,-15.1312],[-68.2456,-15.1531],[-68.1923,-15.1501],[-68.1707,-15.2078],[-68.1348,-15.2401],[-68.0862,-15.2665],[-68.0686,-15.2944],[-68.0346,-15.297],[-67.8621,-15.2571],[-67.8198,-15.2232],[-67.7914,-15.2319],[-67.7408,-15.2213],[-67.7249,-15.2434],[-67.6873,-15.243],[-67.6705,-15.2058],[-67.6815,-15.1772],[-67.664,-15.1237],[-67.6495,-15.1065],[-67.5842,-15.0913],[-67.5372,-15.0649],[-67.4906,-15.0205],[-67.4696,-14.9328],[-67.4285,-14.9222],[-67.4315,-14.894],[-67.3926,-14.795],[-67.4249,-14.7396],[-67.4606,-14.7138],[-67.5294,-14.6372],[-67.5376,-14.5931],[-67.5624,-14.5956],[-67.6256,-14.5763],[-67.7189,-14.5594],[-67.7836,-14.5131],[-67.858,-14.481],[-67.9292,-14.3568],[-67.9868,-14.3383],[-68.013,-14.2746],[-68.0515,-14.2556],[-68.0857,-14.1942],[-68.1592,-14.1756],[-68.2365,-14.1086],[-68.2739,-14.0992],[-68.3522,-14.1181],[-68.4205,-14.1837],[-68.8999,-13.9752],[-68.9637,-13.9509]]]}},{"type":"Feature","properties":{"nombre":"General José Manuel Pando","departamento":"La Paz","rotulo":[-69.3803,-17.2246]},"geometry":{"type":"Polygon","coordinates":[[[-69.0576,-17.0797],[-69.1707,-17.0117],[-69.3203,-16.9609],[-69.34,-16.9875],[-69.3686,-16.9889],[-69.3946,-17.0222],[-69.374,-17.0724],[-69.4325,-17.1103],[-69.4511,-17.094],[-69.5155,-17.1497],[-69.558,-17.1656],[-69.6037,-17.2197],[-69.6168,-17.2617],[-69.4692,-17.3735],[-69.4687,-17.492],[-69.4041,-17.4663],[-69.3956,-17.449],[-69.334,-17.4546],[-69.2906,-17.4223],[-69.3158,-17.3946],[-69.2779,-17.3633],[-69.2491,-17.368],[-69.1712,-17.2719],[-69.1881,-17.2368],[-69.1575,-17.2295],[-69.1456,-17.2025],[-69.0744,-17.1481],[-69.023,-17.1515],[-69.0169,-17.1117],[-69.0576,-17.0797]]]}},{"type":"Feature","properties":{"nombre":"Gualberto Villarroel","departamento":"La Paz","rotulo":[-67.7084,-17.7139]},"geometry":{"type":"MultiPolygon","coordinates":[[[[-67.7972,-17.5501],[-67.8031,-17.5802],[-67.7608,-17.6014],[-67.7718,-17.6279],[-67.8116,-17.6257],[-67.8383,-17.6414],[-67.8304,-17.7158],[-67.8688,-17.7206],[-67.8613,-17.7574],[-67.8935,-17.7775],[-67.8835,-17.8052],[-67.7905,-17.8806],[-67.7315,-17.8593],[-67.7076,-17.848],[-67.7016,-17.8022],[-67.677,-17.7639],[-67.5858,-17.7682],[-67.5863,-17.7119],[-67.5161,-17.6717],[-67.5077,-17.6473],[-67.5489,-17.5864],[-67.5753,-17.5911],[-67.616,-17.5473],[-67.6878,-17.5435],[-67.7373,-17.56],[-67.7972,-17.5501]]],[[[-68.1662,-17.4137],[-68.201,-17.4525],[-68.193,-17.4786],[-68.246,-17.5125],[-68.2589,-17.576],[-68.2894,-17.6152],[-68.2049,-17.6711],[-68.1905,-17.6546],[-68.1168,-17.6017],[-68.082,-17.5449],[-68.0157,-17.4732],[-68.0979,-17.4861],[-68.1662,-17.4137]]],[[[-68.0157,-17.4732],[-68.082,-17.5449],[-68.1168,-17.6017],[-68.1905,-17.6546],[-68.1435,-17.6687],[-68.0853,-17.7152],[-68.0003,-17.7411],[-67.9721,-17.7341],[-67.9576,-17.7644],[-67.8835,-17.8052],[-67.8935,-17.7775],[-67.8613,-17.7574],[-67.8688,-17.7206],[-67.8304,-17.7158],[-67.8383,-17.6414],[-67.8116,-17.6257],[-67.7718,-17.6279],[-67.7608,-17.6014],[-67.8031,-17.5802],[-67.7972,-17.5501],[-67.8716,-17.5554],[-67.9783,-17.5055],[-68.0157,-17.4732]]]]}},{"type":"Feature","properties":{"nombre":"Ingavi","departamento":"La Paz","rotulo":[-68.8401,-16.7645]},"geometry":{"type":"Polygon","coordinates":[[[-68.1526,-16.7589],[-68.1508,-16.6963],[-68.1811,-16.6332],[-68.2373,-16.6128],[-68.2263,-16.5733],[-68.2575,-16.5591],[-68.2982,-16.5697],[-68.384,-16.6226],[-68.392,-16.6511],[-68.4375,-16.686],[-68.4837,-16.77],[-68.4946,-16.7727],[-68.5428,-16.7081],[-68.5934,-16.6761],[-68.608,-16.6423],[-68.5886,-16.5811],[-68.5882,-16.5486],[-68.6382,-16.5229],[-68.7024,-16.5165],[-68.7048,-16.4744],[-68.7284,-16.4219],[-68.7691,-16.4279],[-68.8688,-16.4243],[-68.9466,-16.4374],[-68.957,-16.4716],[-68.8819,-16.468],[-68.826,-16.4881],[-68.8467,-16.5331],[-68.8289,-16.5573],[-68.8739,-16.5989],[-68.9203,-16.5975],[-69.0294,-16.5532],[-69.0339,-16.606],[-68.9989,-16.6515],[-69.0438,-16.6885],[-69.1698,-16.7273],[-69.1877,-16.7966],[-69.2191,-16.8368],[-69.2533,-16.8605],[-69.3044,-16.9166],[-69.3203,-16.9609],[-69.1707,-17.0117],[-69.0576,-17.0797],[-69.0193,-17.068],[-68.981,-17.1012],[-68.9556,-17.0702],[-68.9059,-17.0497],[-68.8512,-17.0492],[-68.848,-16.9935],[-68.7963,-16.9802],[-68.7841,-16.9307],[-68.7576,-16.9078],[-68.7437,-16.8721],[-68.7436,-16.8268],[-68.6988,-16.815],[-68.6358,-16.8136],[-68.6445,-16.8694],[-68.6162,-16.8829],[-68.5039,-16.8203],[-68.4678,-16.7811],[-68.4383,-16.8012],[-68.4676,-16.8293],[-68.4486,-16.8486],[-68.4169,-16.8394],[-68.3736,-16.9179],[-68.3395,-16.8914],[-68.2912,-16.8803],[-68.1767,-16.786],[-68.1526,-16.7589]]]}},{"type":"Feature","properties":{"nombre":"Inquisivi","departamento":"La Paz","rotulo":[-67.1948,-16.9379]},"geometry":{"type":"Polygon","coordinates":[[[-66.8533,-16.2451],[-66.9284,-16.2814],[-67.0892,-16.3474],[-67.1208,-16.3658],[-67.2543,-16.4217],[-67.2581,-16.445],[-67.2922,-16.4832],[-67.3829,-16.5304],[-67.4169,-16.5805],[-67.4755,-16.6232],[-67.4978,-16.6207],[-67.4746,-16.6826],[-67.4506,-16.6949],[-67.4585,-16.7295],[-67.519,-16.7732],[-67.5,-16.8337],[-67.4417,-16.8802],[-67.4018,-16.9281],[-67.3915,-16.9587],[-67.3405,-17.0098],[-67.3023,-17.0874],[-67.3374,-17.0976],[-67.3314,-17.1319],[-67.3061,-17.1577],[-67.3298,-17.1808],[-67.3199,-17.2663],[-67.3065,-17.2907],[-67.2937,-17.3755],[-67.2535,-17.324],[-67.2026,-17.3369],[-67.1873,-17.3791],[-67.1888,-17.4184],[-67.1245,-17.4654],[-67.0674,-17.4701],[-67.036,-17.5002],[-67.0213,-17.539],[-67.051,-17.5877],[-67.0068,-17.6319],[-66.9365,-17.6109],[-66.8999,-17.5905],[-66.8613,-17.5399],[-66.8175,-17.5166],[-66.8357,-17.4511],[-66.8753,-17.4219],[-66.877,-17.4161],[-66.8742,-17.4122],[-66.8464,-17.3843],[-66.8426,-17.3175],[-66.8888,-17.2835],[-66.8775,-17.2332],[-66.89,-17.2061],[-66.8904,-17.1398],[-66.9306,-17.1071],[-66.9807,-17.0468],[-67.0018,-16.9893],[-67.0031,-16.9477],[-66.9702,-16.921],[-66.9736,-16.8921],[-66.924,-16.8358],[-66.8415,-16.8403],[-66.7848,-16.8065],[-66.7412,-16.7552],[-66.7577,-16.7032],[-66.741,-16.6567],[-66.7321,-16.5901],[-66.7765,-16.5218],[-66.7888,-16.4845],[-66.783,-16.4198],[-66.7946,-16.3983],[-66.7949,-16.3443],[-66.8195,-16.2695],[-66.8533,-16.2451]]]}},{"type":"Feature","properties":{"nombre":"Larecaja","departamento":"La Paz","rotulo":[-68.1983,-15.6202]},"geometry":{"type":"Polygon","coordinates":[[[-68.4479,-15.1943],[-68.5164,-15.2204],[-68.52,-15.2436],[-68.5796,-15.3176],[-68.6308,-15.3296],[-68.654,-15.3632],[-68.5941,-15.4513],[-68.6637,-15.4834],[-68.7078,-15.5416],[-68.7703,-15.5725],[-68.7783,-15.5956],[-68.7554,-15.6558],[-68.791,-15.7292],[-68.8221,-15.7548],[-68.8073,-15.7701],[-68.7996,-15.849],[-68.7814,-15.8695],[-68.7182,-15.8455],[-68.6818,-15.853],[-68.6634,-15.8812],[-68.5981,-15.9286],[-68.5195,-15.9332],[-68.487,-15.9681],[-68.4963,-16.0141],[-68.4203,-16.0082],[-68.4047,-15.9714],[-68.3624,-16.009],[-68.3606,-16.0266],[-68.2515,-16.0841],[-68.2369,-16.1111],[-68.2044,-16.0551],[-68.1604,-16.0593],[-68.122,-16.0374],[-68.0203,-16.0434],[-67.9455,-16.0403],[-67.9067,-16.0052],[-67.8918,-15.9523],[-67.8234,-15.8104],[-67.8056,-15.7832],[-67.7325,-15.7901],[-67.7058,-15.7491],[-67.6828,-15.7496],[-67.6423,-15.7222],[-67.6518,-15.7033],[-67.6134,-15.6324],[-67.6417,-15.6079],[-67.6047,-15.561],[-67.6077,-15.5161],[-67.5743,-15.4592],[-67.5734,-15.3728],[-67.5289,-15.331],[-67.4972,-15.3484],[-67.4723,-15.2802],[-67.5077,-15.2759],[-67.5459,-15.2469],[-67.5417,-15.2116],[-67.5845,-15.2061],[-67.664,-15.1237],[-67.6815,-15.1772],[-67.6705,-15.2058],[-67.6873,-15.243],[-67.7249,-15.2434],[-67.7408,-15.2213],[-67.7914,-15.2319],[-67.8198,-15.2232],[-67.8621,-15.2571],[-68.0346,-15.297],[-68.0686,-15.2944],[-68.0862,-15.2665],[-68.1348,-15.2401],[-68.1707,-15.2078],[-68.1923,-15.1501],[-68.2456,-15.1531],[-68.2881,-15.1312],[-68.3371,-15.155],[-68.3935,-15.1916],[-68.4108,-15.224],[-68.4479,-15.1943]]]}},{"type":"Feature","properties":{"nombre":"Loayza","departamento":"La Paz","rotulo":[-67.5865,-17.0551]},"geometry":{"type":"Polygon","coordinates":[[[-67.3745,-17.4618],[-67.3401,-17.449],[-67.2937,-17.3755],[-67.3065,-17.2907],[-67.3199,-17.2663],[-67.3298,-17.1808],[-67.3061,-17.1577],[-67.3314,-17.1319],[-67.3374,-17.0976],[-67.3023,-17.0874],[-67.3405,-17.0098],[-67.3915,-16.9587],[-67.4018,-16.9281],[-67.4417,-16.8802],[-67.5,-16.8337],[-67.519,-16.7732],[-67.4585,-16.7295],[-67.4506,-16.6949],[-67.4746,-16.6826],[-67.4978,-16.6207],[-67.52,-16.6626],[-67.5786,-16.6985],[-67.6197,-16.7431],[-67.7082,-16.8209],[-67.7009,-16.8482],[-67.7411,-16.8608],[-67.7608,-16.8385],[-67.8234,-16.8285],[-67.869,-16.8043],[-67.8934,-16.8269],[-67.9234,-16.8166],[-67.9971,-16.8442],[-68.0384,-16.8832],[-68.0245,-16.9202],[-67.9707,-16.9699],[-67.9016,-17.0178],[-67.8766,-17.0077],[-67.8368,-17.0347],[-67.8727,-17.0754],[-67.8654,-17.1128],[-67.8353,-17.1112],[-67.765,-17.1854],[-67.6595,-17.1881],[-67.6458,-17.1644],[-67.6524,-17.1131],[-67.6269,-17.1152],[-67.5715,-17.1842],[-67.4964,-17.1791],[-67.485,-17.2181],[-67.4531,-17.2331],[-67.4824,-17.2806],[-67.4526,-17.3097],[-67.3739,-17.4341],[-67.3745,-17.4618]]]}},{"type":"Feature","properties":{"nombre":"Los Andes","departamento":"La Paz","rotulo":[-68.444,-16.3571]},"geometry":{"type":"Polygon","coordinates":[[[-68.2575,-16.5591],[-68.2663,-16.5246],[-68.305,-16.5075],[-68.2705,-16.4559],[-68.2434,-16.3927],[-68.2163,-16.3835],[-68.2055,-16.3365],[-68.1537,-16.2626],[-68.2147,-16.2173],[-68.2176,-16.1538],[-68.2369,-16.1111],[-68.2515,-16.0841],[-68.3606,-16.0266],[-68.3624,-16.009],[-68.4047,-15.9714],[-68.4203,-16.0082],[-68.4963,-16.0141],[-68.501,-16.0667],[-68.5466,-16.082],[-68.5229,-16.1157],[-68.5308,-16.1977],[-68.5529,-16.1975],[-68.5737,-16.2562],[-68.6041,-16.2886],[-68.5852,-16.3215],[-68.6342,-16.3358],[-68.6555,-16.3176],[-68.6894,-16.3777],[-68.7284,-16.4219],[-68.7048,-16.4744],[-68.7024,-16.5165],[-68.6382,-16.5229],[-68.5882,-16.5486],[-68.5886,-16.5811],[-68.608,-16.6423],[-68.5934,-16.6761],[-68.5428,-16.7081],[-68.4946,-16.7727],[-68.4837,-16.77],[-68.4375,-16.686],[-68.392,-16.6511],[-68.384,-16.6226],[-68.2982,-16.5697],[-68.2575,-16.5591]]]}},{"type":"Feature","properties":{"nombre":"Manco Kapac","departamento":"La Paz","rotulo":[-69.026,-16.1606]},"geometry":{"type":"MultiPolygon","coordinates":[[[[-68.8161,-16.2079],[-68.85,-16.1762],[-68.8562,-16.204],[-68.8161,-16.2079]]],[[[-69.1315,-16.0555],[-69.0749,-16.1471],[-69.0986,-16.1782],[-69.0946,-16.2156],[-69.0555,-16.1982],[-69.0276,-16.2098],[-68.985,-16.1914],[-68.9389,-16.1945],[-68.8889,-16.234],[-68.8817,-16.2659],[-68.8365,-16.2726],[-68.8306,-16.237],[-68.9054,-16.1898],[-68.9605,-16.174],[-68.9761,-16.1407],[-69.0122,-16.1127],[-69.0759,-16.0898],[-69.1315,-16.0555]]]]}},{"type":"Feature","properties":{"nombre":"Murillo","departamento":"La Paz","rotulo":[-68.0641,-16.2969]},"geometry":{"type":"Polygon","coordinates":[[[-67.9971,-16.8442],[-67.9234,-16.8166],[-67.8934,-16.8269],[-67.869,-16.8043],[-67.8234,-16.8285],[-67.7608,-16.8385],[-67.7411,-16.8608],[-67.7009,-16.8482],[-67.7082,-16.8209],[-67.6197,-16.7431],[-67.632,-16.7235],[-67.6966,-16.6768],[-67.7625,-16.6568],[-67.8132,-16.6247],[-67.8074,-16.5932],[-67.8502,-16.5782],[-67.8586,-16.5444],[-67.8464,-16.4995],[-67.8872,-16.489],[-67.9381,-16.4539],[-67.9477,-16.4115],[-67.9334,-16.362],[-67.954,-16.3312],[-67.943,-16.2272],[-67.9626,-16.1832],[-67.9611,-16.1368],[-67.9253,-16.0956],[-67.8617,-16.084],[-67.859,-16.0507],[-67.8333,-16.017],[-67.7788,-15.9994],[-67.6789,-16.0215],[-67.6736,-16.0066],[-67.6636,-15.9582],[-67.6283,-15.9118],[-67.6595,-15.8209],[-67.6537,-15.7856],[-67.6828,-15.7496],[-67.7058,-15.7491],[-67.7325,-15.7901],[-67.8056,-15.7832],[-67.8234,-15.8104],[-67.8918,-15.9523],[-67.9067,-16.0052],[-67.9455,-16.0403],[-68.0203,-16.0434],[-68.122,-16.0374],[-68.1604,-16.0593],[-68.2044,-16.0551],[-68.2369,-16.1111],[-68.2176,-16.1538],[-68.2147,-16.2173],[-68.1537,-16.2626],[-68.2055,-16.3365],[-68.2163,-16.3835],[-68.2434,-16.3927],[-68.2705,-16.4559],[-68.305,-16.5075],[-68.2663,-16.5246],[-68.2575,-16.5591],[-68.2263,-16.5733],[-68.2373,-16.6128],[-68.1811,-16.6332],[-68.1508,-16.6963],[-68.1526,-16.7589],[-68.0964,-16.7684],[-68.0865,-16.7546],[-67.9971,-16.8442]]]}},{"type":"Feature","properties":{"nombre":"Muñecas","departamento":"La Paz","rotulo":[-68.7857,-15.4608]},"geometry":{"type":"Polygon","coordinates":[[[-68.9142,-15.3579],[-68.912,-15.4096],[-68.9652,-15.4702],[-68.9598,-15.5429],[-68.9279,-15.5499],[-68.9427,-15.5931],[-68.9034,-15.6379],[-68.9508,-15.6936],[-68.9522,-15.738],[-68.9179,-15.7726],[-68.8221,-15.7548],[-68.791,-15.7292],[-68.7554,-15.6558],[-68.7783,-15.5956],[-68.7703,-15.5725],[-68.7078,-15.5416],[-68.6637,-15.4834],[-68.5941,-15.4513],[-68.654,-15.3632],[-68.6308,-15.3296],[-68.5796,-15.3176],[-68.52,-15.2436],[-68.5164,-15.2204],[-68.4479,-15.1943],[-68.4778,-15.1527],[-68.5115,-15.1524],[-68.5452,-15.1748],[-68.6504,-15.2204],[-68.7047,-15.2073],[-68.7447,-15.2343],[-68.7858,-15.2317],[-68.8404,-15.2639],[-68.8612,-15.331],[-68.9142,-15.3579]]]}},{"type":"Feature","properties":{"nombre":"Nor Yungas","departamento":"La Paz","rotulo":[-67.7246,-16.2052]},"geometry":{"type":"Polygon","coordinates":[[[-67.6736,-16.0066],[-67.6789,-16.0215],[-67.7788,-15.9994],[-67.8333,-16.017],[-67.859,-16.0507],[-67.8617,-16.084],[-67.9253,-16.0956],[-67.9611,-16.1368],[-67.9626,-16.1832],[-67.943,-16.2272],[-67.954,-16.3312],[-67.8809,-16.2991],[-67.8334,-16.3011],[-67.8199,-16.346],[-67.7977,-16.3644],[-67.7611,-16.356],[-67.719,-16.3983],[-67.6568,-16.4014],[-67.6063,-16.3811],[-67.5723,-16.3125],[-67.5639,-16.2651],[-67.539,-16.2514],[-67.438,-16.1419],[-67.3679,-16.0821],[-67.3404,-16.0105],[-67.5994,-16.0548],[-67.6243,-16.0548],[-67.6736,-16.0066]]]}},{"type":"Feature","properties":{"nombre":"Omasuyos","departamento":"La Paz","rotulo":[-68.6233,-15.9931]},"geometry":{"type":"Polygon","coordinates":[[[-68.962,-15.8964],[-68.9385,-15.8994],[-68.8885,-15.9427],[-68.8494,-15.9226],[-68.7838,-15.9558],[-68.7544,-15.9321],[-68.7242,-15.9455],[-68.7481,-15.9755],[-68.7683,-16.03],[-68.8183,-16.0107],[-68.8362,-16.055],[-68.89,-16.0678],[-68.8912,-16.1112],[-68.85,-16.1762],[-68.8161,-16.2079],[-68.7808,-16.1819],[-68.7488,-16.1994],[-68.6585,-16.2201],[-68.6037,-16.1998],[-68.5737,-16.2562],[-68.5529,-16.1975],[-68.5308,-16.1977],[-68.5229,-16.1157],[-68.5466,-16.082],[-68.501,-16.0667],[-68.4963,-16.0141],[-68.487,-15.9681],[-68.5195,-15.9332],[-68.5981,-15.9286],[-68.6634,-15.8812],[-68.6818,-15.853],[-68.7182,-15.8455],[-68.7814,-15.8695],[-68.7996,-15.849],[-68.8073,-15.7701],[-68.8221,-15.7548],[-68.9179,-15.7726],[-68.9073,-15.8031],[-68.9777,-15.8019],[-68.9892,-15.8411],[-68.9533,-15.879],[-68.962,-15.8964]]]}},{"type":"Feature","properties":{"nombre":"Pacajes","departamento":"La Paz","rotulo":[-68.7323,-17.418]},"geometry":{"type":"Polygon","coordinates":[[[-68.3736,-16.9179],[-68.4169,-16.8394],[-68.4486,-16.8486],[-68.4676,-16.8293],[-68.4383,-16.8012],[-68.4678,-16.7811],[-68.5039,-16.8203],[-68.6162,-16.8829],[-68.6445,-16.8694],[-68.6358,-16.8136],[-68.6988,-16.815],[-68.7436,-16.8268],[-68.7437,-16.8721],[-68.7576,-16.9078],[-68.7841,-16.9307],[-68.7963,-16.9802],[-68.848,-16.9935],[-68.8512,-17.0492],[-68.9059,-17.0497],[-68.9556,-17.0702],[-68.981,-17.1012],[-69.0193,-17.068],[-69.0576,-17.0797],[-69.0169,-17.1117],[-69.023,-17.1515],[-69.0744,-17.1481],[-69.1456,-17.2025],[-69.1575,-17.2295],[-69.1881,-17.2368],[-69.1712,-17.2719],[-69.2491,-17.368],[-69.2779,-17.3633],[-69.3158,-17.3946],[-69.2906,-17.4223],[-69.334,-17.4546],[-69.3956,-17.449],[-69.4041,-17.4663],[-69.4687,-17.492],[-69.4679,-17.6049],[-69.3379,-17.7292],[-69.313,-17.7889],[-69.3008,-17.8494],[-69.3129,-17.9089],[-69.2813,-17.9692],[-69.2221,-17.9797],[-69.1263,-18.032],[-69.0795,-18.0469],[-69.0342,-18.0171],[-68.9327,-17.9667],[-68.9104,-17.9496],[-68.7846,-17.93],[-68.74,-17.8869],[-68.6958,-17.8891],[-68.6394,-17.8633],[-68.5444,-17.7955],[-68.5395,-17.7148],[-68.4725,-17.688],[-68.4356,-17.6601],[-68.4149,-17.6257],[-68.3606,-17.5908],[-68.2894,-17.6152],[-68.2589,-17.576],[-68.246,-17.5125],[-68.193,-17.4786],[-68.201,-17.4525],[-68.1662,-17.4137],[-68.1959,-17.3019],[-68.179,-17.2691],[-68.1247,-17.2786],[-68.0895,-17.237],[-68.1156,-17.1873],[-68.1186,-17.1288],[-68.1645,-17.1154],[-68.1604,-17.0863],[-68.1848,-17.0592],[-68.2262,-17.0632],[-68.2528,-17.0889],[-68.2986,-17.11],[-68.3451,-17.0542],[-68.3736,-16.9179]]]}},{"type":"Feature","properties":{"nombre":"Sud Yungas","departamento":"La Paz","rotulo":[-67.0785,-15.8456]},"geometry":{"type":"Polygon","coordinates":[[[-66.7954,-15.7851],[-66.8735,-15.694],[-66.9069,-15.6402],[-66.8992,-15.6152],[-66.9318,-15.5515],[-67.0025,-15.4766],[-67.0619,-15.4441],[-67.1165,-15.3871],[-67.0886,-15.3529],[-67.0814,-15.3145],[-67.1322,-15.2629],[-67.1514,-15.1968],[-67.2132,-15.1126],[-67.2432,-15.0994],[-67.2507,-15.047],[-67.3012,-15.0323],[-67.3366,-15.0391],[-67.3734,-15.0271],[-67.4136,-14.9929],[-67.4285,-14.9222],[-67.4696,-14.9328],[-67.4906,-15.0205],[-67.5372,-15.0649],[-67.5842,-15.0913],[-67.6495,-15.1065],[-67.664,-15.1237],[-67.5845,-15.2061],[-67.5417,-15.2116],[-67.5459,-15.2469],[-67.5077,-15.2759],[-67.4723,-15.2802],[-67.4972,-15.3484],[-67.5237,-15.3918],[-67.4854,-15.4134],[-67.4895,-15.4324],[-67.4599,-15.4856],[-67.3982,-15.5206],[-67.3863,-15.5519],[-67.3398,-15.572],[-67.2245,-15.6044],[-67.1813,-15.64],[-67.1454,-15.6485],[-67.134,-15.692],[-67.1414,-15.723],[-67.1817,-15.7804],[-67.2341,-15.8054],[-67.2853,-15.8927],[-67.3404,-16.0105],[-67.3679,-16.0821],[-67.438,-16.1419],[-67.539,-16.2514],[-67.5639,-16.2651],[-67.5723,-16.3125],[-67.6063,-16.3811],[-67.6568,-16.4014],[-67.719,-16.3983],[-67.7611,-16.356],[-67.7977,-16.3644],[-67.8199,-16.346],[-67.8334,-16.3011],[-67.8809,-16.2991],[-67.954,-16.3312],[-67.9334,-16.362],[-67.9477,-16.4115],[-67.9381,-16.4539],[-67.8872,-16.489],[-67.8464,-16.4995],[-67.8586,-16.5444],[-67.8502,-16.5782],[-67.8074,-16.5932],[-67.8132,-16.6247],[-67.7625,-16.6568],[-67.6966,-16.6768],[-67.632,-16.7235],[-67.6197,-16.7431],[-67.5786,-16.6985],[-67.52,-16.6626],[-67.4978,-16.6207],[-67.4755,-16.6232],[-67.4169,-16.5805],[-67.3829,-16.5304],[-67.2922,-16.4832],[-67.2581,-16.445],[-67.2543,-16.4217],[-67.1208,-16.3658],[-67.0892,-16.3474],[-66.9284,-16.2814],[-66.8533,-16.2451],[-66.8443,-16.195],[-66.8945,-16.1121],[-66.9205,-16.0914],[-66.9092,-16.0457],[-66.9208,-15.9983],[-66.8688,-15.9354],[-66.9014,-15.868],[-66.8972,-15.8233],[-66.8605,-15.7831],[-66.8368,-15.7967],[-66.7954,-15.7851]]]}},{"type":"Feature","properties":{"nombre":"Abaroa","departamento":"Oruro","rotulo":[-66.6466,-18.8518]},"geometry":{"type":"MultiPolygon","coordinates":[[[[-66.5021,-19.3599],[-66.5329,-19.3364],[-66.6101,-19.3155],[-66.6511,-19.3322],[-66.7076,-19.3117],[-66.812,-19.2599],[-66.8223,-19.2347],[-66.81,-19.1872],[-66.8687,-19.159],[-66.9232,-19.1476],[-66.9839,-19.1647],[-67.0137,-19.1954],[-67.0133,-19.2656],[-66.9922,-19.2812],[-67.0025,-19.3793],[-66.9601,-19.368],[-66.8452,-19.4547],[-66.7882,-19.4335],[-66.7349,-19.4293],[-66.6998,-19.4484],[-66.6621,-19.4302],[-66.584,-19.421],[-66.5756,-19.4013],[-66.5021,-19.3599]]],[[[-66.3797,-18.7384],[-66.4133,-18.7077],[-66.4605,-18.7071],[-66.4775,-18.7613],[-66.4997,-18.7873],[-66.5321,-18.7737],[-66.537,-18.721],[-66.5648,-18.7182],[-66.6179,-18.6456],[-66.6442,-18.6303],[-66.6423,-18.5896],[-66.6576,-18.5673],[-66.6831,-18.4825],[-66.7082,-18.4996],[-66.7163,-18.5235],[-66.6958,-18.5871],[-66.7254,-18.6176],[-66.7117,-18.6788],[-66.727,-18.6922],[-66.7378,-18.7587],[-66.7541,-18.7886],[-66.7895,-18.7911],[-66.8174,-18.7673],[-66.807,-18.7395],[-66.8173,-18.6866],[-66.8772,-18.6675],[-66.9249,-18.6678],[-67.0041,-18.7155],[-66.981,-18.7622],[-66.9669,-18.837],[-66.9139,-18.9342],[-66.8636,-18.9716],[-66.7167,-18.9672],[-66.7034,-18.949],[-66.6352,-18.9409],[-66.5779,-18.9466],[-66.5197,-18.9276],[-66.5255,-18.9036],[-66.4912,-18.8666],[-66.4823,-18.9108],[-66.4521,-18.9176],[-66.4428,-18.9948],[-66.4009,-19.012],[-66.4534,-19.0559],[-66.4542,-19.0707],[-66.4099,-19.1371],[-66.3735,-19.1415],[-66.3457,-19.176],[-66.2897,-19.1629],[-66.2536,-19.1758],[-66.2367,-19.2087],[-66.1879,-19.2168],[-66.1889,-19.2421],[-66.153,-19.2341],[-66.1007,-19.1745],[-66.1127,-19.157],[-66.0861,-19.0998],[-66.093,-19.0851],[-66.1529,-19.0307],[-66.1762,-19.0207],[-66.1839,-18.9822],[-66.2817,-19.0148],[-66.3017,-18.9906],[-66.3132,-18.9217],[-66.3524,-18.7922],[-66.3797,-18.7384]]]]}},{"type":"Feature","properties":{"nombre":"Carangas","departamento":"Oruro","rotulo":[-67.7936,-18.3797]},"geometry":{"type":"Polygon","coordinates":[[[-67.5084,-18.6002],[-67.5238,-18.5464],[-67.5057,-18.5076],[-67.5481,-18.4613],[-67.5529,-18.4049],[-67.544,-18.3735],[-67.5084,-18.3418],[-67.5332,-18.2852],[-67.5669,-18.3023],[-67.6229,-18.1699],[-67.6548,-18.1674],[-67.6676,-18.0872],[-67.6819,-18.0608],[-67.7303,-18.0843],[-67.7829,-18.022],[-67.857,-18.054],[-67.9172,-18.0176],[-67.9088,-17.9908],[-67.9384,-17.9535],[-67.9518,-17.9642],[-67.9862,-17.9793],[-68.0026,-18.0132],[-68.1124,-18.0426],[-68.1543,-18.0375],[-68.1097,-18.0888],[-68.1055,-18.1563],[-68.12,-18.1921],[-68.0807,-18.2029],[-68.0804,-18.243],[-68.017,-18.3295],[-68.0444,-18.3859],[-68.1256,-18.4876],[-68.0849,-18.5046],[-68.0649,-18.5355],[-68.0342,-18.7148],[-67.9544,-18.8109],[-67.9293,-18.8146],[-67.8786,-18.8004],[-67.8038,-18.7474],[-67.7425,-18.7161],[-67.7173,-18.6817],[-67.6179,-18.6832],[-67.5787,-18.6673],[-67.5084,-18.6002]]]}},{"type":"Feature","properties":{"nombre":"Cercado","departamento":"Oruro","rotulo":[-67.0606,-17.9668]},"geometry":{"type":"Polygon","coordinates":[[[-67.3938,-17.5606],[-67.3832,-17.5835],[-67.3326,-17.6102],[-67.324,-17.633],[-67.364,-17.6852],[-67.3375,-17.6973],[-67.4164,-17.7467],[-67.4843,-17.7337],[-67.5161,-17.6717],[-67.5863,-17.7119],[-67.5858,-17.7682],[-67.677,-17.7639],[-67.7016,-17.8022],[-67.7076,-17.848],[-67.7315,-17.8593],[-67.6966,-17.9116],[-67.6334,-17.9123],[-67.6171,-17.9006],[-67.5707,-17.8755],[-67.5359,-17.8307],[-67.4595,-17.7791],[-67.3982,-17.8669],[-67.3867,-17.9184],[-67.3354,-17.9984],[-67.3331,-18.049],[-67.2997,-18.0658],[-67.258,-18.1067],[-67.2396,-18.1673],[-67.2478,-18.1873],[-67.2274,-18.2322],[-67.2228,-18.2945],[-67.1998,-18.3455],[-67.2081,-18.399],[-67.2268,-18.4111],[-67.2817,-18.521],[-67.2426,-18.5779],[-67.1994,-18.5519],[-67.16,-18.5443],[-67.1267,-18.505],[-67.1135,-18.4556],[-67.0595,-18.4508],[-67.0501,-18.4308],[-67.0428,-18.3457],[-67.0526,-18.2937],[-67.0484,-18.25],[-67.0781,-18.2094],[-67.0957,-18.1873],[-67.1266,-18.1607],[-67.1269,-18.1243],[-67.1463,-18.0489],[-67.0982,-18.0273],[-67.0696,-18.0454],[-67.0203,-18.0571],[-66.9709,-18.1098],[-66.9481,-18.1095],[-66.9094,-18.0799],[-66.8414,-18.0517],[-66.7884,-17.9882],[-66.7428,-17.9454],[-66.7151,-17.9001],[-66.7227,-17.8476],[-66.757,-17.825],[-66.772,-17.7818],[-66.7791,-17.7844],[-66.8216,-17.7373],[-66.8608,-17.7126],[-66.892,-17.6661],[-66.8724,-17.6248],[-66.8999,-17.5905],[-66.9365,-17.6109],[-67.0068,-17.6319],[-67.051,-17.5877],[-67.0213,-17.539],[-67.036,-17.5002],[-67.0674,-17.4701],[-67.1245,-17.4654],[-67.1888,-17.4184],[-67.1873,-17.3791],[-67.2026,-17.3369],[-67.2535,-17.324],[-67.2937,-17.3755],[-67.3401,-17.449],[-67.3745,-17.4618],[-67.3938,-17.5606]]]}},{"type":"Feature","properties":{"nombre":"Ladislao Cabrera","departamento":"Oruro","rotulo":[-67.519,-19.4774]},"geometry":{"type":"Polygon","coordinates":[[[-67.0137,-19.1954],[-67.015,-19.1749],[-67.0511,-19.1405],[-67.0531,-19.0903],[-67.0975,-19.0735],[-67.1842,-19.0945],[-67.2187,-19.0862],[-67.2852,-19.1054],[-67.3086,-19.0818],[-67.4126,-19.0534],[-67.4655,-19.0641],[-67.5402,-19.0546],[-67.6186,-19.0956],[-67.6389,-19.0703],[-67.6961,-19.1031],[-67.7307,-19.0968],[-67.753,-19.0712],[-67.7961,-19.0778],[-67.8556,-19.0549],[-67.8935,-19.0573],[-67.9226,-19.0935],[-67.9821,-19.119],[-68.0216,-19.1217],[-68.0414,-19.1396],[-67.9977,-19.1971],[-68.0068,-19.2396],[-68.001,-19.2846],[-67.9642,-19.2949],[-67.9352,-19.3265],[-67.8329,-19.3771],[-67.8102,-19.3783],[-67.7926,-19.4564],[-67.801,-19.4951],[-67.8396,-19.5255],[-67.8981,-19.5428],[-67.947,-19.5273],[-68.0057,-19.5225],[-68.0568,-19.5402],[-68.0881,-19.5764],[-68.0319,-19.6223],[-67.9595,-19.7294],[-67.8605,-19.7725],[-67.8217,-19.8096],[-67.7145,-19.812],[-67.6352,-19.8465],[-67.5713,-19.8867],[-67.5445,-19.8648],[-67.5437,-19.8184],[-67.5717,-19.7279],[-67.4697,-19.7032],[-67.3471,-19.7223],[-67.291,-19.7652],[-67.2566,-19.6993],[-67.2064,-19.6703],[-67.2092,-19.6011],[-67.2318,-19.5836],[-67.2254,-19.4911],[-67.2563,-19.4638],[-67.2677,-19.4286],[-67.1929,-19.4496],[-67.1089,-19.4113],[-67.0892,-19.3756],[-67.0025,-19.3793],[-66.9922,-19.2812],[-67.0133,-19.2656],[-67.0137,-19.1954]]]}},{"type":"Feature","properties":{"nombre":"Litoral","departamento":"Oruro","rotulo":[-68.2528,-18.7418]},"geometry":{"type":"Polygon","coordinates":[[[-68.1256,-18.4876],[-68.1915,-18.4743],[-68.2378,-18.4751],[-68.3215,-18.5247],[-68.3924,-18.5455],[-68.4324,-18.5716],[-68.4791,-18.6176],[-68.4964,-18.717],[-68.4913,-18.7666],[-68.4469,-18.8569],[-68.4125,-18.8871],[-68.3505,-18.9139],[-68.2702,-18.9979],[-68.2452,-19.0052],[-68.2113,-19.0482],[-68.1035,-18.9997],[-68.0381,-18.9845],[-67.9321,-19.0089],[-67.895,-19.0285],[-67.8485,-18.9885],[-67.8882,-18.9526],[-67.9006,-18.887],[-67.9293,-18.8146],[-67.9544,-18.8109],[-68.0342,-18.7148],[-68.0649,-18.5355],[-68.0849,-18.5046],[-68.1256,-18.4876]]]}},{"type":"Feature","properties":{"nombre":"Mejillones","departamento":"Oruro","rotulo":[-68.714,-18.9948]},"geometry":{"type":"Polygon","coordinates":[[[-68.7131,-19.1702],[-68.6981,-19.1461],[-68.6382,-19.1442],[-68.6197,-19.1216],[-68.5975,-19.0039],[-68.5717,-18.9725],[-68.568,-18.9165],[-68.5799,-18.8661],[-68.5991,-18.8476],[-68.65,-18.8642],[-68.6611,-18.8326],[-68.7172,-18.8439],[-68.788,-18.9004],[-68.7325,-18.9028],[-68.6876,-18.9561],[-68.735,-18.9636],[-68.7722,-18.9407],[-68.7999,-18.9721],[-68.8412,-18.9857],[-68.806,-19.0836],[-68.7131,-19.1702]]]}},{"type":"Feature","properties":{"nombre":"Nor Carangas","departamento":"Oruro","rotulo":[-67.8471,-17.9062]},"geometry":{"type":"Polygon","coordinates":[[[-67.6676,-18.0872],[-67.6158,-18.0622],[-67.5858,-17.9708],[-67.6196,-17.9302],[-67.6171,-17.9006],[-67.6334,-17.9123],[-67.6966,-17.9116],[-67.7315,-17.8593],[-67.7905,-17.8806],[-67.8835,-17.8052],[-67.9576,-17.7644],[-67.9721,-17.7341],[-68.0003,-17.7411],[-68.0511,-17.7746],[-68.0563,-17.7982],[-68.0344,-17.847],[-68.0085,-17.8651],[-68.0073,-17.9009],[-67.9504,-17.9237],[-67.9384,-17.9535],[-67.9088,-17.9908],[-67.9172,-18.0176],[-67.857,-18.054],[-67.7829,-18.022],[-67.7303,-18.0843],[-67.6819,-18.0608],[-67.6676,-18.0872]]]}},{"type":"Feature","properties":{"nombre":"Pantaleón Dalence","departamento":"Oruro","rotulo":[-66.7109,-18.273]},"geometry":{"type":"Polygon","coordinates":[[[-66.6831,-18.4825],[-66.6986,-18.4032],[-66.7293,-18.3404],[-66.6786,-18.3164],[-66.6614,-18.2956],[-66.6144,-18.2793],[-66.5439,-18.2711],[-66.5978,-18.2362],[-66.6757,-18.2326],[-66.7217,-18.2451],[-66.7637,-18.2164],[-66.7597,-18.1699],[-66.7852,-18.1357],[-66.8157,-18.1113],[-66.8414,-18.0517],[-66.9094,-18.0799],[-66.9481,-18.1095],[-66.9709,-18.1098],[-67.0203,-18.0571],[-67.0696,-18.0454],[-67.0468,-18.0779],[-67.0778,-18.1312],[-67.0957,-18.1873],[-67.0781,-18.2094],[-66.9848,-18.2112],[-66.9642,-18.2381],[-66.9159,-18.2219],[-66.859,-18.275],[-66.8445,-18.338],[-66.8107,-18.3469],[-66.7584,-18.398],[-66.7082,-18.4996],[-66.6831,-18.4825]]]}},{"type":"Feature","properties":{"nombre":"Poopó","departamento":"Oruro","rotulo":[-66.8833,-18.5016]},"geometry":{"type":"Polygon","coordinates":[[[-66.7082,-18.4996],[-66.7584,-18.398],[-66.8107,-18.3469],[-66.8445,-18.338],[-66.859,-18.275],[-66.9159,-18.2219],[-66.9642,-18.2381],[-66.9848,-18.2112],[-67.0781,-18.2094],[-67.0484,-18.25],[-67.0526,-18.2937],[-67.0428,-18.3457],[-67.0501,-18.4308],[-67.0595,-18.4508],[-67.0577,-18.5036],[-67.0859,-18.5481],[-67.1005,-18.6245],[-67.102,-18.6762],[-67.0681,-18.6636],[-67.0041,-18.7155],[-66.9249,-18.6678],[-66.8772,-18.6675],[-66.8173,-18.6866],[-66.807,-18.7395],[-66.8174,-18.7673],[-66.7895,-18.7911],[-66.7541,-18.7886],[-66.7378,-18.7587],[-66.727,-18.6922],[-66.7117,-18.6788],[-66.7254,-18.6176],[-66.6958,-18.5871],[-66.7163,-18.5235],[-66.7082,-18.4996]]]}},{"type":"Feature","properties":{"nombre":"Sabaya","departamento":"Oruro","rotulo":[-68.8255,-18.9387]},"geometry":{"type":"MultiPolygon","coordinates":[[[[-68.3567,-19.2726],[-68.3672,-19.2904],[-68.3706,-19.3637],[-68.3504,-19.392],[-68.2854,-19.4015],[-68.2392,-19.3496],[-68.2417,-19.315],[-68.2652,-19.2985],[-68.2667,-19.2548],[-68.3253,-19.2551],[-68.3567,-19.2726]]],[[[-67.8935,-19.0573],[-67.895,-19.0285],[-67.9321,-19.0089],[-68.0381,-18.9845],[-68.1035,-18.9997],[-68.2113,-19.0482],[-68.2452,-19.0052],[-68.2702,-18.9979],[-68.3505,-18.9139],[-68.4125,-18.8871],[-68.4469,-18.8569],[-68.4913,-18.7666],[-68.4964,-18.717],[-68.4791,-18.6176],[-68.5454,-18.6134],[-68.635,-18.5924],[-68.6827,-18.5709],[-68.7019,-18.5355],[-68.7389,-18.5255],[-68.8715,-18.5632],[-68.9102,-18.5858],[-69.0074,-18.6012],[-69.0142,-18.6334],[-68.9854,-18.6774],[-68.9715,-18.7324],[-68.987,-18.7501],[-68.9505,-18.793],[-68.9124,-18.8924],[-68.9502,-18.9368],[-68.92,-18.9767],[-68.8896,-19.0434],[-68.8709,-19.0604],[-68.806,-19.0836],[-68.8412,-18.9857],[-68.7999,-18.9721],[-68.7722,-18.9407],[-68.735,-18.9636],[-68.6876,-18.9561],[-68.7325,-18.9028],[-68.788,-18.9004],[-68.7172,-18.8439],[-68.6611,-18.8326],[-68.65,-18.8642],[-68.5991,-18.8476],[-68.5799,-18.8661],[-68.568,-18.9165],[-68.5717,-18.9725],[-68.5975,-19.0039],[-68.6197,-19.1216],[-68.6382,-19.1442],[-68.6981,-19.1461],[-68.7131,-19.1702],[-68.6283,-19.251],[-68.6197,-19.2765],[-68.5428,-19.2967],[-68.4719,-19.3521],[-68.4729,-19.3168],[-68.4313,-19.2609],[-68.3837,-19.2461],[-68.3551,-19.1977],[-68.3156,-19.2022],[-68.2385,-19.1916],[-68.1823,-19.145],[-68.1257,-19.1134],[-68.0968,-19.1497],[-68.041,-19.1106],[-68.0216,-19.1217],[-67.9821,-19.119],[-67.9226,-19.0935],[-67.8935,-19.0573]]]]}},{"type":"Feature","properties":{"nombre":"Sajama","departamento":"Oruro","rotulo":[-68.6062,-18.1093]},"geometry":{"type":"Polygon","coordinates":[[[-68.1543,-18.0375],[-68.2058,-18.01],[-68.237,-18.0282],[-68.3116,-18.0286],[-68.3149,-17.9774],[-68.3495,-17.9723],[-68.341,-17.9055],[-68.3472,-17.8463],[-68.3335,-17.8138],[-68.3439,-17.7475],[-68.3423,-17.6743],[-68.2995,-17.6478],[-68.2894,-17.6152],[-68.3606,-17.5908],[-68.4149,-17.6257],[-68.4356,-17.6601],[-68.4725,-17.688],[-68.5395,-17.7148],[-68.5444,-17.7955],[-68.6394,-17.8633],[-68.6958,-17.8891],[-68.74,-17.8869],[-68.7846,-17.93],[-68.9104,-17.9496],[-68.9327,-17.9667],[-69.0342,-18.0171],[-69.0795,-18.0469],[-69.0812,-18.0914],[-69.1269,-18.1273],[-69.1423,-18.1632],[-69.0653,-18.2399],[-69.0749,-18.2917],[-69.038,-18.3227],[-69.0535,-18.347],[-69.0465,-18.4095],[-69.0116,-18.5372],[-69.0074,-18.6012],[-68.9102,-18.5858],[-68.8715,-18.5632],[-68.7389,-18.5255],[-68.7019,-18.5355],[-68.6827,-18.5709],[-68.635,-18.5924],[-68.5454,-18.6134],[-68.4791,-18.6176],[-68.4324,-18.5716],[-68.3924,-18.5455],[-68.3215,-18.5247],[-68.2378,-18.4751],[-68.1915,-18.4743],[-68.1256,-18.4876],[-68.0444,-18.3859],[-68.017,-18.3295],[-68.0804,-18.243],[-68.0807,-18.2029],[-68.12,-18.1921],[-68.1055,-18.1563],[-68.1097,-18.0888],[-68.1543,-18.0375]]]}},{"type":"Feature","properties":{"nombre":"San Pedro de Totora","departamento":"Oruro","rotulo":[-68.1912,-17.83]},"geometry":{"type":"Polygon","coordinates":[[[-67.9518,-17.9642],[-67.9384,-17.9535],[-67.9504,-17.9237],[-68.0073,-17.9009],[-68.0085,-17.8651],[-68.0344,-17.847],[-68.0563,-17.7982],[-68.0511,-17.7746],[-68.0003,-17.7411],[-68.0853,-17.7152],[-68.1435,-17.6687],[-68.1905,-17.6546],[-68.2049,-17.6711],[-68.2894,-17.6152],[-68.2995,-17.6478],[-68.3423,-17.6743],[-68.3439,-17.7475],[-68.3335,-17.8138],[-68.3472,-17.8463],[-68.341,-17.9055],[-68.3495,-17.9723],[-68.3149,-17.9774],[-68.3116,-18.0286],[-68.237,-18.0282],[-68.2058,-18.01],[-68.1543,-18.0375],[-68.1124,-18.0426],[-68.0026,-18.0132],[-67.9862,-17.9793],[-67.9518,-17.9642]]]}},{"type":"Feature","properties":{"nombre":"Saucarí","departamento":"Oruro","rotulo":[-67.4054,-18.2587]},"geometry":{"type":"Polygon","coordinates":[[[-67.5084,-18.6002],[-67.4712,-18.6159],[-67.4686,-18.6483],[-67.3837,-18.6947],[-67.322,-18.7362],[-67.1668,-18.7447],[-67.1304,-18.7379],[-67.1906,-18.6799],[-67.2478,-18.659],[-67.2664,-18.6329],[-67.2426,-18.5779],[-67.2817,-18.521],[-67.2268,-18.4111],[-67.2081,-18.399],[-67.1998,-18.3455],[-67.2228,-18.2945],[-67.2274,-18.2322],[-67.2478,-18.1873],[-67.2396,-18.1673],[-67.258,-18.1067],[-67.2997,-18.0658],[-67.3331,-18.049],[-67.3354,-17.9984],[-67.3867,-17.9184],[-67.3982,-17.8669],[-67.4595,-17.7791],[-67.5359,-17.8307],[-67.5707,-17.8755],[-67.6171,-17.9006],[-67.6196,-17.9302],[-67.5858,-17.9708],[-67.6158,-18.0622],[-67.6676,-18.0872],[-67.6548,-18.1674],[-67.6229,-18.1699],[-67.5669,-18.3023],[-67.5332,-18.2852],[-67.5084,-18.3418],[-67.544,-18.3735],[-67.5529,-18.4049],[-67.5481,-18.4613],[-67.5057,-18.5076],[-67.5238,-18.5464],[-67.5084,-18.6002]]]}},{"type":"Feature","properties":{"nombre":"Sebastián Pagador","departamento":"Oruro","rotulo":[-66.6112,-19.1609]},"geometry":{"type":"Polygon","coordinates":[[[-66.5021,-19.3599],[-66.429,-19.4063],[-66.3903,-19.4576],[-66.3569,-19.4537],[-66.2624,-19.3015],[-66.2291,-19.2862],[-66.2171,-19.2565],[-66.1889,-19.2421],[-66.1879,-19.2168],[-66.2367,-19.2087],[-66.2536,-19.1758],[-66.2897,-19.1629],[-66.3457,-19.176],[-66.3735,-19.1415],[-66.4099,-19.1371],[-66.4542,-19.0707],[-66.4534,-19.0559],[-66.4009,-19.012],[-66.4428,-18.9948],[-66.4521,-18.9176],[-66.4823,-18.9108],[-66.4912,-18.8666],[-66.5255,-18.9036],[-66.5197,-18.9276],[-66.5779,-18.9466],[-66.6352,-18.9409],[-66.7034,-18.949],[-66.7167,-18.9672],[-66.8636,-18.9716],[-66.8641,-19.0429],[-66.9154,-19.1368],[-66.8687,-19.159],[-66.81,-19.1872],[-66.8223,-19.2347],[-66.812,-19.2599],[-66.7076,-19.3117],[-66.6511,-19.3322],[-66.6101,-19.3155],[-66.5329,-19.3364],[-66.5021,-19.3599]]]}},{"type":"Feature","properties":{"nombre":"Sur Carangas","departamento":"Oruro","rotulo":[-67.5206,-18.8574]},"geometry":{"type":"Polygon","coordinates":[[[-67.9293,-18.8146],[-67.9006,-18.887],[-67.8882,-18.9526],[-67.8485,-18.9885],[-67.895,-19.0285],[-67.8935,-19.0573],[-67.8556,-19.0549],[-67.7961,-19.0778],[-67.753,-19.0712],[-67.7307,-19.0968],[-67.6961,-19.1031],[-67.6389,-19.0703],[-67.6186,-19.0956],[-67.5402,-19.0546],[-67.4655,-19.0641],[-67.4126,-19.0534],[-67.3086,-19.0818],[-67.2852,-19.1054],[-67.2187,-19.0862],[-67.1842,-19.0945],[-67.0975,-19.0735],[-67.0531,-19.0903],[-67.057,-19.0477],[-67.0805,-19.008],[-67.0688,-18.9549],[-67.086,-18.9298],[-67.0626,-18.9038],[-67.093,-18.8739],[-67.1647,-18.8408],[-67.208,-18.7922],[-67.1209,-18.7502],[-67.1304,-18.7379],[-67.1668,-18.7447],[-67.322,-18.7362],[-67.3837,-18.6947],[-67.4686,-18.6483],[-67.4712,-18.6159],[-67.5084,-18.6002],[-67.5787,-18.6673],[-67.6179,-18.6832],[-67.7173,-18.6817],[-67.7425,-18.7161],[-67.8038,-18.7474],[-67.8786,-18.8004],[-67.9293,-18.8146]]]}},{"type":"Feature","properties":{"nombre":"Tomás Barrón","departamento":"Oruro","rotulo":[-67.4267,-17.6216]},"geometry":{"type":"Polygon","coordinates":[[[-67.5489,-17.5864],[-67.5077,-17.6473],[-67.5161,-17.6717],[-67.4843,-17.7337],[-67.4164,-17.7467],[-67.3375,-17.6973],[-67.364,-17.6852],[-67.324,-17.633],[-67.3326,-17.6102],[-67.3832,-17.5835],[-67.3938,-17.5606],[-67.4297,-17.5605],[-67.4686,-17.5058],[-67.5054,-17.5182],[-67.5489,-17.5864]]]}},{"type":"Feature","properties":{"nombre":"Abuná","departamento":"Pando","rotulo":[-66.9158,-10.4874]},"geometry":{"type":"Polygon","coordinates":[[[-66.5922,-9.9018],[-66.6245,-9.8972],[-66.6456,-9.9513],[-66.7327,-9.9856],[-66.7923,-10.0233],[-66.8343,-10.0605],[-66.8747,-10.0815],[-66.8897,-10.1156],[-66.9464,-10.1586],[-66.999,-10.2123],[-67.0107,-10.2532],[-67.0794,-10.2904],[-67.1255,-10.2914],[-67.133,-10.3165],[-67.185,-10.3375],[-67.2109,-10.362],[-67.2452,-10.3711],[-67.2814,-10.4007],[-67.2845,-10.4375],[-67.3049,-10.451],[-67.3576,-10.5238],[-67.4278,-10.5528],[-67.45,-10.6014],[-67.5327,-10.6404],[-67.5884,-10.6873],[-67.7066,-10.7174],[-67.5612,-11.1072],[-67.5261,-11.0376],[-67.4551,-11.0269],[-67.4084,-11.0018],[-67.3509,-11.0252],[-67.318,-11.08],[-67.2612,-11.0585],[-67.1795,-11.0456],[-67.1263,-11.0243],[-67.099,-11.0359],[-67.07,-10.9901],[-67.0125,-10.9992],[-66.9854,-10.9594],[-66.939,-10.9491],[-66.8756,-10.9691],[-66.8306,-10.9548],[-66.7962,-10.986],[-66.7335,-10.9963],[-66.6817,-10.9764],[-66.6454,-10.9496],[-66.6461,-10.9282],[-66.5384,-10.8808],[-66.4919,-10.8326],[-66.4462,-10.8257],[-66.4636,-10.7313],[-66.545,-10.1925],[-66.5922,-9.9018]]]}},{"type":"Feature","properties":{"nombre":"Federico Román","departamento":"Pando","rotulo":[-65.9257,-10.2798]},"geometry":{"type":"Polygon","coordinates":[[[-66.4462,-10.8257],[-66.4159,-10.8163],[-66.3916,-10.8394],[-66.2895,-10.8531],[-66.2649,-10.8363],[-66.1828,-10.824],[-66.154,-10.802],[-66.1067,-10.8054],[-66.0894,-10.8245],[-66.0103,-10.8131],[-65.9688,-10.7977],[-65.9149,-10.8274],[-65.8597,-10.8355],[-65.8518,-10.7844],[-65.903,-10.7456],[-65.8878,-10.7015],[-65.8603,-10.6926],[-65.8126,-10.7433],[-65.7335,-10.7069],[-65.7019,-10.6514],[-65.7342,-10.5917],[-65.7279,-10.5669],[-65.6473,-10.5661],[-65.6181,-10.5399],[-65.5872,-10.5368],[-65.5554,-10.5078],[-65.5021,-10.4916],[-65.4838,-10.4381],[-65.4482,-10.4147],[-65.4006,-10.4073],[-65.391,-10.3812],[-65.3855,-10.3629],[-65.3267,-10.3048],[-65.3125,-10.2548],[-65.2918,-10.2237],[-65.3062,-10.1803],[-65.3027,-10.1064],[-65.3304,-10.0637],[-65.3206,-10.0039],[-65.3351,-9.9359],[-65.2868,-9.8566],[-65.3229,-9.8157],[-65.3273,-9.785],[-65.3562,-9.7225],[-65.395,-9.6882],[-65.4401,-9.6977],[-65.4789,-9.7294],[-65.5009,-9.7311],[-65.5146,-9.794],[-65.5659,-9.8119],[-65.5533,-9.835],[-65.6252,-9.8389],[-65.6752,-9.785],[-65.6873,-9.7503],[-65.7293,-9.7601],[-65.7473,-9.784],[-65.7755,-9.762],[-65.798,-9.7952],[-65.8231,-9.7697],[-65.8573,-9.7985],[-65.8741,-9.7571],[-65.9071,-9.7699],[-65.9458,-9.7629],[-65.9754,-9.8],[-66.102,-9.7876],[-66.1502,-9.7894],[-66.1929,-9.8113],[-66.233,-9.8162],[-66.2831,-9.8452],[-66.3095,-9.8311],[-66.3517,-9.8406],[-66.3583,-9.8653],[-66.436,-9.8651],[-66.5461,-9.8768],[-66.5922,-9.9018],[-66.545,-10.1925],[-66.4636,-10.7313],[-66.4462,-10.8257]]]}},{"type":"Feature","properties":{"nombre":"Madre de Dios","departamento":"Pando","rotulo":[-67.3547,-11.7023]},"geometry":{"type":"Polygon","coordinates":[[[-66.9673,-12.4903],[-66.9352,-12.4655],[-66.9698,-12.4186],[-66.9,-12.3517],[-66.946,-12.3276],[-66.9456,-12.2974],[-66.9132,-12.2871],[-66.8861,-12.247],[-66.8971,-12.1903],[-66.922,-12.1534],[-66.8731,-12.1079],[-66.8886,-12.0581],[-66.91,-12.0473],[-66.8939,-12.0059],[-66.9059,-11.9529],[-66.9295,-11.9205],[-66.9791,-11.9],[-66.8937,-11.8579],[-66.8567,-11.8226],[-66.8865,-11.7729],[-66.8665,-11.7451],[-66.8377,-11.7646],[-66.8261,-11.7062],[-66.7792,-11.6928],[-66.7741,-11.7134],[-66.7117,-11.6818],[-66.7294,-11.658],[-66.711,-11.618],[-66.7609,-11.5942],[-66.7477,-11.5762],[-66.6758,-11.5617],[-66.6864,-11.5122],[-66.7333,-11.4799],[-66.6892,-11.4434],[-66.6425,-11.4726],[-66.6316,-11.424],[-66.5907,-11.4294],[-66.5471,-11.4144],[-66.5054,-11.4431],[-66.4631,-11.4176],[-66.4614,-11.3921],[-66.4302,-11.3737],[-66.3896,-11.3782],[-66.327,-11.3635],[-66.3315,-11.3235],[-66.2966,-11.3141],[-66.2331,-11.3426],[-66.2514,-11.2661],[-66.2697,-11.2349],[-66.2029,-11.2028],[-66.1858,-11.1818],[-66.1963,-11.1323],[-66.2147,-11.1186],[-66.1959,-11.0768],[-66.1703,-11.0974],[-66.1601,-11.1312],[-66.1216,-11.1003],[-66.1374,-11.0422],[-66.1066,-11.0228],[-66.0923,-10.9901],[-66.1036,-10.9266],[-66.1546,-10.9132],[-66.1831,-10.9703],[-66.2161,-11.0082],[-66.276,-11.0248],[-66.274,-10.9854],[-66.3021,-10.9817],[-66.3351,-11.0077],[-66.3457,-11.0678],[-66.4104,-11.0858],[-66.4548,-11.1227],[-66.4699,-11.0936],[-66.4994,-11.0858],[-66.549,-11.1442],[-66.5799,-11.1636],[-66.6366,-11.1275],[-66.6523,-11.1496],[-66.6408,-11.1876],[-66.6978,-11.1951],[-66.7211,-11.2238],[-66.751,-11.1911],[-66.7913,-11.1675],[-66.8059,-11.267],[-66.846,-11.2988],[-66.8687,-11.2994],[-66.9152,-11.2393],[-66.9438,-11.2436],[-66.9508,-11.308],[-66.9812,-11.3377],[-67.1612,-11.3487],[-67.1881,-11.3686],[-67.2171,-11.4141],[-67.2272,-11.4595],[-67.3134,-11.496],[-67.3393,-11.5367],[-67.3971,-11.5374],[-67.4074,-11.517],[-67.4979,-11.4957],[-67.5392,-11.4663],[-67.6088,-11.4727],[-67.6681,-11.5126],[-67.6826,-11.5656],[-67.6799,-11.5991],[-67.7073,-11.6115],[-67.7318,-11.6666],[-67.7884,-11.6985],[-67.8239,-11.6845],[-67.8754,-11.6876],[-67.918,-11.717],[-67.92,-11.7523],[-67.9479,-11.7642],[-67.9963,-11.8497],[-66.9673,-12.4903]]]}},{"type":"Feature","properties":{"nombre":"Manuripi","departamento":"Pando","rotulo":[-68.4319,-11.6515]},"geometry":{"type":"Polygon","coordinates":[[[-67.9963,-11.8497],[-67.9479,-11.7642],[-67.92,-11.7523],[-67.918,-11.717],[-67.8754,-11.6876],[-67.8239,-11.6845],[-67.7884,-11.6985],[-67.7318,-11.6666],[-67.7073,-11.6115],[-67.6799,-11.5991],[-67.6826,-11.5656],[-67.6681,-11.5126],[-67.6088,-11.4727],[-67.5392,-11.4663],[-67.4979,-11.4957],[-67.4074,-11.517],[-67.3971,-11.5374],[-67.3393,-11.5367],[-67.3134,-11.496],[-67.2272,-11.4595],[-67.2171,-11.4141],[-67.1881,-11.3686],[-67.1612,-11.3487],[-66.9812,-11.3377],[-66.9508,-11.308],[-66.9438,-11.2436],[-66.9152,-11.2393],[-66.8687,-11.2994],[-66.846,-11.2988],[-66.8059,-11.267],[-66.7913,-11.1675],[-66.751,-11.1911],[-66.7211,-11.2238],[-66.6978,-11.1951],[-66.6408,-11.1876],[-66.6523,-11.1496],[-66.6366,-11.1275],[-66.5799,-11.1636],[-66.549,-11.1442],[-66.4994,-11.0858],[-66.4699,-11.0936],[-66.4548,-11.1227],[-66.4104,-11.0858],[-66.3457,-11.0678],[-66.3351,-11.0077],[-66.3021,-10.9817],[-66.274,-10.9854],[-66.276,-11.0248],[-66.2161,-11.0082],[-66.1831,-10.9703],[-66.1546,-10.9132],[-66.1036,-10.9266],[-66.0923,-10.9901],[-66.0579,-10.9866],[-66.0491,-10.914],[-66.056,-10.8671],[-66.0718,-10.8475],[-66.0103,-10.8131],[-66.0894,-10.8245],[-66.1067,-10.8054],[-66.154,-10.802],[-66.1828,-10.824],[-66.2649,-10.8363],[-66.2895,-10.8531],[-66.3916,-10.8394],[-66.4159,-10.8163],[-66.4462,-10.8257],[-66.4919,-10.8326],[-66.5384,-10.8808],[-66.6461,-10.9282],[-66.6454,-10.9496],[-66.6817,-10.9764],[-66.7335,-10.9963],[-66.7962,-10.986],[-66.8306,-10.9548],[-66.8756,-10.9691],[-66.939,-10.9491],[-66.9854,-10.9594],[-67.0125,-10.9992],[-67.07,-10.9901],[-67.099,-11.0359],[-67.1263,-11.0243],[-67.1795,-11.0456],[-67.2612,-11.0585],[-67.318,-11.08],[-67.3509,-11.0252],[-67.4084,-11.0018],[-67.4551,-11.0269],[-67.5261,-11.0376],[-67.5612,-11.1072],[-67.5947,-11.114],[-67.6109,-11.142],[-67.6458,-11.1577],[-67.7051,-11.1394],[-67.7378,-11.1466],[-67.7888,-11.1357],[-67.8206,-11.1446],[-67.8931,-11.2369],[-67.9529,-11.2438],[-68.0469,-11.2929],[-68.1547,-11.2863],[-68.2105,-11.2958],[-68.2639,-11.2491],[-68.3286,-11.2321],[-68.379,-11.2393],[-68.4087,-11.2701],[-68.4729,-11.2637],[-68.5257,-11.23],[-68.6363,-11.2462],[-68.6881,-11.2402],[-68.737,-11.2719],[-68.7531,-11.3221],[-68.8714,-11.3805],[-68.9257,-11.3779],[-68.9541,-11.4266],[-69.0244,-11.4474],[-69.0654,-11.4276],[-69.1078,-11.4313],[-69.1502,-11.4528],[-69.1777,-11.4463],[-69.2373,-11.4685],[-69.2556,-11.4575],[-69.1485,-11.6364],[-68.97,-11.9125],[-68.6522,-12.4977],[-68.6183,-12.4954],[-68.5626,-12.4591],[-68.5911,-12.4036],[-68.5639,-12.3897],[-68.5196,-12.3952],[-68.4609,-12.4203],[-68.4046,-12.3636],[-68.4029,-12.3027],[-68.4117,-12.2641],[-68.3782,-12.2312],[-68.339,-12.22],[-68.3015,-12.2281],[-68.2443,-12.1874],[-68.2253,-12.1383],[-68.2334,-12.0108],[-68.1842,-12.0111],[-68.0983,-12.0348],[-68.0614,-11.9982],[-68.0178,-11.9767],[-67.9776,-11.9359],[-67.9776,-11.8995],[-67.9963,-11.8497]]]}},{"type":"Feature","properties":{"nombre":"Nicolás Suárez","departamento":"Pando","rotulo":[-67.9252,-10.8945]},"geometry":{"type":"Polygon","coordinates":[[[-67.185,-10.3375],[-67.2345,-10.3145],[-67.266,-10.3328],[-67.3234,-10.3236],[-67.3199,-10.3825],[-67.3795,-10.3859],[-67.4074,-10.3765],[-67.411,-10.4197],[-67.4588,-10.4625],[-67.57,-10.5027],[-67.6037,-10.5373],[-67.6613,-10.617],[-67.6767,-10.6054],[-67.7092,-10.7099],[-67.8648,-10.6392],[-67.9305,-10.6535],[-68.0232,-10.652],[-68.0776,-10.6851],[-68.1066,-10.7168],[-68.1073,-10.7819],[-68.1958,-10.8597],[-68.2367,-10.961],[-68.2775,-10.9907],[-68.3852,-11.0202],[-68.4016,-11.0562],[-68.429,-11.0356],[-68.5017,-11.0637],[-68.5448,-11.1088],[-68.7156,-11.1475],[-68.7221,-11.1068],[-68.766,-11.0692],[-68.7514,-11.0171],[-68.8116,-10.9951],[-68.8503,-10.9939],[-68.9102,-11.0228],[-68.9721,-10.9891],[-69.0609,-10.9864],[-69.087,-10.9705],[-69.2155,-10.9585],[-69.2589,-10.9427],[-69.3307,-10.9503],[-69.4052,-10.9293],[-69.4521,-10.9368],[-69.4782,-10.955],[-69.522,-10.936],[-69.5747,-10.9451],[-69.4682,-11.117],[-69.3232,-11.3555],[-69.2556,-11.4575],[-69.2373,-11.4685],[-69.1777,-11.4463],[-69.1502,-11.4528],[-69.1078,-11.4313],[-69.0654,-11.4276],[-69.0244,-11.4474],[-68.9541,-11.4266],[-68.9257,-11.3779],[-68.8714,-11.3805],[-68.7531,-11.3221],[-68.737,-11.2719],[-68.6881,-11.2402],[-68.6363,-11.2462],[-68.5257,-11.23],[-68.4729,-11.2637],[-68.4087,-11.2701],[-68.379,-11.2393],[-68.3286,-11.2321],[-68.2639,-11.2491],[-68.2105,-11.2958],[-68.1547,-11.2863],[-68.0469,-11.2929],[-67.9529,-11.2438],[-67.8931,-11.2369],[-67.8206,-11.1446],[-67.7888,-11.1357],[-67.7378,-11.1466],[-67.7051,-11.1394],[-67.6458,-11.1577],[-67.6109,-11.142],[-67.5947,-11.114],[-67.5612,-11.1072],[-67.7066,-10.7174],[-67.5884,-10.6873],[-67.5327,-10.6404],[-67.45,-10.6014],[-67.4278,-10.5528],[-67.3576,-10.5238],[-67.3049,-10.451],[-67.2845,-10.4375],[-67.2814,-10.4007],[-67.2452,-10.3711],[-67.2109,-10.362],[-67.185,-10.3375]]]}},{"type":"Feature","properties":{"nombre":"Alonso de Ibáñez","departamento":"Potosí","rotulo":[-66.4831,-18.1649]},"geometry":{"type":"Polygon","coordinates":[[[-66.2723,-17.9559],[-66.372,-17.9566],[-66.4314,-17.9734],[-66.4449,-17.9786],[-66.5335,-18.0584],[-66.6046,-18.0835],[-66.6369,-18.1189],[-66.7247,-18.1159],[-66.7852,-18.1357],[-66.7597,-18.1699],[-66.7637,-18.2164],[-66.7217,-18.2451],[-66.6757,-18.2326],[-66.5978,-18.2362],[-66.5439,-18.2711],[-66.4595,-18.2738],[-66.4172,-18.2579],[-66.3647,-18.2067],[-66.3049,-18.2257],[-66.3449,-18.28],[-66.3558,-18.3166],[-66.2976,-18.3813],[-66.2466,-18.3538],[-66.2642,-18.2977],[-66.2885,-18.2698],[-66.2751,-18.2404],[-66.2346,-18.2155],[-66.1996,-18.1598],[-66.213,-18.1228],[-66.1853,-18.0805],[-66.2036,-18.0367],[-66.2469,-18.0034],[-66.2723,-17.9559]]]}},{"type":"Feature","properties":{"nombre":"Antonio Quijarro","departamento":"Potosí","rotulo":[-66.5295,-20.1589]},"geometry":{"type":"Polygon","coordinates":[[[-67.0025,-19.3793],[-67.0892,-19.3756],[-67.1089,-19.4113],[-67.1929,-19.4496],[-67.2677,-19.4286],[-67.2563,-19.4638],[-67.2254,-19.4911],[-67.2318,-19.5836],[-67.2092,-19.6011],[-67.2064,-19.6703],[-67.2566,-19.6993],[-67.291,-19.7652],[-67.2299,-19.8029],[-67.2203,-19.851],[-67.2004,-19.8622],[-67.174,-19.9336],[-67.1769,-19.9791],[-67.1389,-20.0526],[-67.1678,-20.13],[-67.1551,-20.1563],[-67.0989,-20.2088],[-67.0185,-20.2382],[-66.981,-20.3126],[-66.9267,-20.357],[-66.9096,-20.3933],[-66.9393,-20.4031],[-66.871,-20.4638],[-66.8623,-20.5021],[-66.8031,-20.5766],[-66.7509,-20.762],[-66.7257,-20.7892],[-66.6891,-20.866],[-66.6579,-20.8935],[-66.6149,-20.9084],[-66.5687,-20.9613],[-66.4843,-20.9531],[-66.4162,-20.8938],[-66.3369,-20.8636],[-66.2337,-20.7808],[-66.1946,-20.7454],[-66.1832,-20.7092],[-66.2037,-20.638],[-66.1903,-20.5623],[-66.2182,-20.5228],[-66.1996,-20.4822],[-66.133,-20.473],[-66.12,-20.4391],[-66.0459,-20.5135],[-66.0075,-20.5041],[-65.9688,-20.4573],[-65.9232,-20.4244],[-65.9339,-20.3474],[-65.9049,-20.2901],[-65.9481,-20.25],[-65.9409,-20.2198],[-65.9056,-20.1615],[-65.9217,-20.1211],[-65.8946,-20.1121],[-65.9208,-20.0666],[-65.9048,-20.0383],[-65.898,-19.9732],[-65.8829,-19.9661],[-65.8407,-19.9004],[-65.817,-19.9219],[-65.7602,-19.8751],[-65.7561,-19.83],[-65.7666,-19.783],[-65.8005,-19.7432],[-65.8375,-19.7523],[-65.8357,-19.7059],[-65.8887,-19.709],[-65.9953,-19.6706],[-66.0791,-19.6776],[-66.1729,-19.6931],[-66.194,-19.7069],[-66.2292,-19.6589],[-66.2598,-19.6443],[-66.3342,-19.5557],[-66.3604,-19.49],[-66.3569,-19.4537],[-66.3903,-19.4576],[-66.429,-19.4063],[-66.5021,-19.3599],[-66.5756,-19.4013],[-66.584,-19.421],[-66.6621,-19.4302],[-66.6998,-19.4484],[-66.7349,-19.4293],[-66.7882,-19.4335],[-66.8452,-19.4547],[-66.9601,-19.368],[-67.0025,-19.3793]]]}},{"type":"Feature","properties":{"nombre":"Charcas","departamento":"Potosí","rotulo":[-65.8849,-18.2837]},"geometry":{"type":"Polygon","coordinates":[[[-66.2976,-18.3813],[-66.2517,-18.4068],[-66.207,-18.4598],[-66.1627,-18.4083],[-66.1154,-18.4169],[-66.0887,-18.4546],[-66.0531,-18.4631],[-65.9959,-18.5198],[-65.9205,-18.5431],[-65.8863,-18.5301],[-65.8823,-18.4765],[-65.8561,-18.4765],[-65.8048,-18.5128],[-65.77,-18.525],[-65.7594,-18.5514],[-65.6883,-18.6162],[-65.6612,-18.6152],[-65.6255,-18.5717],[-65.6238,-18.5011],[-65.6241,-18.462],[-65.6842,-18.4171],[-65.6939,-18.3519],[-65.6256,-18.3753],[-65.5908,-18.3748],[-65.5465,-18.4046],[-65.507,-18.3867],[-65.4412,-18.4038],[-65.3661,-18.4356],[-65.3457,-18.4179],[-65.3536,-18.406],[-65.4044,-18.3673],[-65.4293,-18.3686],[-65.4635,-18.3411],[-65.5012,-18.2689],[-65.5648,-18.2342],[-65.5967,-18.2036],[-65.6042,-18.1759],[-65.6841,-18.1126],[-65.7441,-18.0497],[-65.8,-18.0097],[-65.8684,-17.9713],[-65.9229,-17.994],[-65.9551,-18.0556],[-65.9392,-18.092],[-65.897,-18.1222],[-65.921,-18.1753],[-65.9802,-18.1579],[-66.0221,-18.1085],[-66.1392,-18.0743],[-66.1853,-18.0805],[-66.213,-18.1228],[-66.1996,-18.1598],[-66.2346,-18.2155],[-66.2751,-18.2404],[-66.2885,-18.2698],[-66.2642,-18.2977],[-66.2466,-18.3538],[-66.2976,-18.3813]]]}},{"type":"Feature","properties":{"nombre":"Chayanta","departamento":"Potosí","rotulo":[-65.8948,-18.7644]},"geometry":{"type":"Polygon","coordinates":[[[-66.093,-19.0851],[-66.0623,-19.0486],[-65.9963,-18.9904],[-65.8864,-18.9689],[-65.823,-19.027],[-65.7689,-19.0307],[-65.7327,-19.0558],[-65.7415,-19.0768],[-65.6883,-19.1422],[-65.6572,-19.1468],[-65.6499,-19.0133],[-65.5873,-18.9978],[-65.5324,-18.9765],[-65.4849,-18.9277],[-65.3977,-18.9174],[-65.4206,-18.8767],[-65.4343,-18.822],[-65.4171,-18.7808],[-65.4292,-18.748],[-65.4006,-18.702],[-65.4191,-18.6632],[-65.3839,-18.6419],[-65.4216,-18.605],[-65.486,-18.5908],[-65.5261,-18.5265],[-65.5839,-18.4983],[-65.6238,-18.5011],[-65.6255,-18.5717],[-65.6612,-18.6152],[-65.6883,-18.6162],[-65.7594,-18.5514],[-65.77,-18.525],[-65.8048,-18.5128],[-65.8561,-18.4765],[-65.8823,-18.4765],[-65.8863,-18.5301],[-65.9205,-18.5431],[-65.9959,-18.5198],[-66.0531,-18.4631],[-66.0887,-18.4546],[-66.1154,-18.4169],[-66.1627,-18.4083],[-66.207,-18.4598],[-66.1774,-18.4941],[-66.2149,-18.5129],[-66.2866,-18.5735],[-66.274,-18.5994],[-66.2901,-18.6302],[-66.2853,-18.6665],[-66.3233,-18.7058],[-66.3797,-18.7384],[-66.3524,-18.7922],[-66.3132,-18.9217],[-66.3017,-18.9906],[-66.2817,-19.0148],[-66.1839,-18.9822],[-66.1762,-19.0207],[-66.1529,-19.0307],[-66.093,-19.0851]]]}},{"type":"Feature","properties":{"nombre":"Cornelio Saavedra","departamento":"Potosí","rotulo":[-65.3712,-19.3562]},"geometry":{"type":"Polygon","coordinates":[[[-65.6572,-19.1468],[-65.6921,-19.1631],[-65.7048,-19.2303],[-65.698,-19.2793],[-65.6718,-19.3407],[-65.6475,-19.3103],[-65.5878,-19.321],[-65.5514,-19.369],[-65.5517,-19.4159],[-65.5279,-19.4402],[-65.5782,-19.4652],[-65.5929,-19.5208],[-65.6363,-19.5436],[-65.6529,-19.6002],[-65.6748,-19.6202],[-65.6554,-19.6555],[-65.661,-19.7047],[-65.6379,-19.7142],[-65.6097,-19.7194],[-65.5413,-19.7094],[-65.5038,-19.6947],[-65.4594,-19.7113],[-65.4185,-19.67],[-65.3896,-19.6061],[-65.3336,-19.6424],[-65.3185,-19.6213],[-65.2616,-19.6125],[-65.1924,-19.5283],[-65.1398,-19.515],[-65.1227,-19.5542],[-65.0771,-19.5285],[-65.0591,-19.624],[-65.0177,-19.615],[-64.9797,-19.6271],[-64.9637,-19.6106],[-64.9713,-19.5693],[-64.9236,-19.5579],[-64.8912,-19.5289],[-64.893,-19.4932],[-64.8369,-19.4695],[-64.8526,-19.4102],[-64.8793,-19.3973],[-64.8935,-19.3801],[-64.9704,-19.3468],[-65.0041,-19.352],[-65.0561,-19.3858],[-65.1022,-19.3731],[-65.141,-19.3781],[-65.1698,-19.3604],[-65.2151,-19.3439],[-65.2307,-19.3205],[-65.3166,-19.3013],[-65.3304,-19.2714],[-65.3611,-19.2628],[-65.3933,-19.2037],[-65.4062,-19.1438],[-65.4699,-19.1226],[-65.487,-19.0964],[-65.546,-19.0818],[-65.5873,-18.9978],[-65.6499,-19.0133],[-65.6572,-19.1468]]]}},{"type":"Feature","properties":{"nombre":"Daniel Campos","departamento":"Potosí","rotulo":[-68.4897,-20.0956]},"geometry":{"type":"MultiPolygon","coordinates":[[[[-68.0453,-20.2838],[-68.0624,-20.3176],[-68.0438,-20.3526],[-68.0075,-20.3387],[-68.0453,-20.2838]]],[[[-68.0881,-19.5764],[-68.095,-19.5905],[-68.1658,-19.6117],[-68.2964,-19.5418],[-68.3521,-19.52],[-68.4406,-19.4404],[-68.5569,-19.5964],[-68.5988,-19.6407],[-68.6232,-19.7006],[-68.6835,-19.7194],[-68.6889,-19.7484],[-68.6208,-19.7891],[-68.5993,-19.828],[-68.5282,-19.8453],[-68.5423,-19.89],[-68.5216,-19.9243],[-68.5662,-20.0501],[-68.6404,-20.0489],[-68.693,-20.0683],[-68.7635,-20.0787],[-68.7739,-20.1297],[-68.7417,-20.1252],[-68.7021,-20.1435],[-68.6917,-20.1772],[-68.7139,-20.1951],[-68.715,-20.2468],[-68.6924,-20.2955],[-68.6594,-20.3355],[-68.7108,-20.3664],[-68.7418,-20.3694],[-68.7387,-20.4568],[-68.6662,-20.5166],[-68.5928,-20.5486],[-68.5709,-20.5756],[-68.52,-20.5873],[-68.4487,-20.6242],[-68.4391,-20.641],[-68.4238,-20.6088],[-68.3679,-20.5714],[-68.3023,-20.5801],[-68.2533,-20.5703],[-68.2321,-20.5971],[-68.1686,-20.6167],[-67.9888,-20.7201],[-67.8581,-20.5153],[-67.8727,-20.46],[-67.8386,-20.3461],[-67.8891,-20.3067],[-67.9294,-20.2209],[-67.974,-20.2376],[-67.9916,-20.3024],[-67.9869,-20.3412],[-68.0246,-20.4063],[-68.0327,-20.4731],[-68.023,-20.4953],[-68.0377,-20.5398],[-68.0664,-20.5556],[-68.1271,-20.5405],[-68.2105,-20.5364],[-68.233,-20.5131],[-68.2488,-20.4087],[-68.2724,-20.3272],[-68.2365,-20.2879],[-68.2164,-20.1992],[-68.2163,-20.1607],[-68.1642,-20.1293],[-68.2169,-20.1126],[-68.1909,-20.0135],[-68.2334,-19.9478],[-68.1669,-19.8672],[-68.1048,-19.8327],[-68.1006,-19.8007],[-68.0632,-19.7819],[-68.0048,-19.7863],[-67.9645,-19.8293],[-67.9096,-19.7802],[-67.852,-19.8188],[-67.8087,-19.8255],[-67.769,-19.851],[-67.7593,-19.8995],[-67.7261,-19.9147],[-67.5926,-19.9052],[-67.5713,-19.8867],[-67.6352,-19.8465],[-67.7145,-19.812],[-67.8217,-19.8096],[-67.8605,-19.7725],[-67.9595,-19.7294],[-68.0319,-19.6223],[-68.0881,-19.5764]]]]}},{"type":"Feature","properties":{"nombre":"Enrique Baldivieso","departamento":"Potosí","rotulo":[-67.5318,-21.4143]},"geometry":{"type":"Polygon","coordinates":[[[-67.0244,-21.7023],[-67.1255,-21.5978],[-67.2454,-21.5156],[-67.3468,-21.4752],[-67.4641,-21.3388],[-67.4827,-21.2671],[-67.5221,-21.2144],[-67.5321,-21.1554],[-67.5627,-21.0987],[-67.5815,-21.0861],[-67.6274,-21.1116],[-67.6881,-21.082],[-67.7412,-21.1404],[-67.7164,-21.2705],[-67.6957,-21.3533],[-67.611,-21.518],[-67.5669,-21.5382],[-67.445,-21.6691],[-67.3919,-21.694],[-67.3693,-21.7255],[-67.279,-21.7864],[-67.1882,-21.8268],[-67.0985,-21.8506],[-67.0419,-21.7896],[-67.0244,-21.7023]]]}},{"type":"Feature","properties":{"nombre":"General Bilbao","departamento":"Potosí","rotulo":[-66.0984,-17.9749]},"geometry":{"type":"Polygon","coordinates":[[[-66.1853,-18.0805],[-66.1392,-18.0743],[-66.0221,-18.1085],[-65.9802,-18.1579],[-65.921,-18.1753],[-65.897,-18.1222],[-65.9392,-18.092],[-65.9551,-18.0556],[-65.9229,-17.994],[-65.9513,-17.9483],[-65.9886,-17.9352],[-66.0439,-17.8388],[-66.097,-17.8072],[-66.1165,-17.8583],[-66.1639,-17.907],[-66.226,-17.9526],[-66.2517,-17.9343],[-66.2723,-17.9559],[-66.2469,-18.0034],[-66.2036,-18.0367],[-66.1853,-18.0805]]]}},{"type":"Feature","properties":{"nombre":"José María Linares","departamento":"Potosí","rotulo":[-65.4245,-19.8884]},"geometry":{"type":"Polygon","coordinates":[[[-65.8829,-19.9661],[-65.8763,-19.9816],[-65.8102,-20.0126],[-65.7706,-20.1264],[-65.715,-20.1947],[-65.6484,-20.2231],[-65.6388,-20.247],[-65.5544,-20.292],[-65.553,-20.1396],[-65.4767,-20.0894],[-65.4657,-20.0455],[-65.4185,-20.0508],[-65.3719,-20.0853],[-65.3391,-20.1566],[-65.3746,-20.211],[-65.3584,-20.2461],[-65.3137,-20.2305],[-65.3161,-20.1976],[-65.2713,-20.1514],[-65.2337,-20.1305],[-65.3051,-20.0261],[-65.2033,-19.938],[-65.1522,-20.0124],[-65.1074,-20.0154],[-65.0597,-19.9501],[-65.0831,-19.9319],[-65.0525,-19.8062],[-65.0302,-19.7946],[-64.9892,-19.8457],[-64.9416,-19.8765],[-64.919,-19.86],[-64.8931,-19.9247],[-64.8908,-19.9636],[-64.8508,-19.9811],[-64.8292,-19.9331],[-64.795,-19.9028],[-64.7842,-19.8542],[-64.7393,-19.7898],[-64.7144,-19.7796],[-64.7418,-19.707],[-64.7775,-19.6649],[-64.8428,-19.5896],[-64.8184,-19.5013],[-64.8369,-19.4695],[-64.893,-19.4932],[-64.8912,-19.5289],[-64.9236,-19.5579],[-64.9713,-19.5693],[-64.9637,-19.6106],[-64.9797,-19.6271],[-65.0177,-19.615],[-65.0591,-19.624],[-65.0771,-19.5285],[-65.1227,-19.5542],[-65.1398,-19.515],[-65.1924,-19.5283],[-65.2616,-19.6125],[-65.3185,-19.6213],[-65.3336,-19.6424],[-65.3896,-19.6061],[-65.4185,-19.67],[-65.4594,-19.7113],[-65.5038,-19.6947],[-65.5413,-19.7094],[-65.6097,-19.7194],[-65.6379,-19.7142],[-65.6625,-19.7451],[-65.6611,-19.7719],[-65.6915,-19.8239],[-65.7226,-19.8213],[-65.7666,-19.783],[-65.7561,-19.83],[-65.7602,-19.8751],[-65.817,-19.9219],[-65.8407,-19.9004],[-65.8829,-19.9661]]]}},{"type":"Feature","properties":{"nombre":"Modesto Omiste","departamento":"Potosí","rotulo":[-65.7242,-21.8938]},"geometry":{"type":"Polygon","coordinates":[[[-65.3907,-21.8467],[-65.4602,-21.8338],[-65.5169,-21.7138],[-65.5036,-21.6938],[-65.5301,-21.6651],[-65.6172,-21.6739],[-65.6833,-21.6701],[-65.734,-21.6876],[-65.7265,-21.75],[-65.7875,-21.778],[-65.8731,-21.7868],[-65.9112,-21.8066],[-65.9281,-21.8358],[-65.9448,-21.8301],[-66.0319,-21.8012],[-66.0513,-21.7499],[-66.0555,-21.7537],[-66.1174,-21.7739],[-66.1273,-21.8181],[-66.0763,-21.835],[-66.0433,-21.8719],[-66.0482,-21.919],[-65.9248,-21.9336],[-65.8048,-22.0753],[-65.748,-22.1092],[-65.7157,-22.0972],[-65.6762,-22.1117],[-65.5823,-22.094],[-65.5749,-22.0755],[-65.4848,-22.0955],[-65.4735,-22.0887],[-65.1866,-22.0854],[-65.1807,-22.0194],[-65.2654,-21.9702],[-65.2988,-21.9782],[-65.3349,-21.9654],[-65.4086,-21.9156],[-65.3907,-21.8467]]]}},{"type":"Feature","properties":{"nombre":"Nor Chichas","departamento":"Potosí","rotulo":[-65.7834,-20.572]},"geometry":{"type":"Polygon","coordinates":[[[-66.2337,-20.7808],[-66.2028,-20.8129],[-66.1667,-20.8727],[-66.0844,-20.9115],[-66.0163,-20.9202],[-65.9869,-20.9389],[-65.9473,-20.9423],[-65.9141,-20.9701],[-65.8744,-20.9843],[-65.8709,-21.0128],[-65.8936,-21.0401],[-65.8916,-21.08],[-65.8377,-21.0788],[-65.7993,-21.1241],[-65.7001,-21.1726],[-65.6295,-21.1296],[-65.5939,-21.137],[-65.5624,-21.1047],[-65.4853,-21.1199],[-65.4186,-21.0958],[-65.4206,-21.0613],[-65.3999,-21.0069],[-65.4011,-20.9471],[-65.3767,-20.8697],[-65.3483,-20.8572],[-65.3468,-20.8324],[-65.3763,-20.7512],[-65.3569,-20.7258],[-65.3632,-20.672],[-65.3472,-20.6226],[-65.3824,-20.5817],[-65.3276,-20.5119],[-65.2686,-20.5047],[-65.2714,-20.4577],[-65.2435,-20.4151],[-65.2526,-20.3868],[-65.2218,-20.3138],[-65.2826,-20.2327],[-65.3137,-20.2305],[-65.3584,-20.2461],[-65.3746,-20.211],[-65.3391,-20.1566],[-65.3719,-20.0853],[-65.4185,-20.0508],[-65.4657,-20.0455],[-65.4767,-20.0894],[-65.553,-20.1396],[-65.5544,-20.292],[-65.6388,-20.247],[-65.6484,-20.2231],[-65.715,-20.1947],[-65.7706,-20.1264],[-65.8102,-20.0126],[-65.8763,-19.9816],[-65.8829,-19.9661],[-65.898,-19.9732],[-65.9048,-20.0383],[-65.9208,-20.0666],[-65.8946,-20.1121],[-65.9217,-20.1211],[-65.9056,-20.1615],[-65.9409,-20.2198],[-65.9481,-20.25],[-65.9049,-20.2901],[-65.9339,-20.3474],[-65.9232,-20.4244],[-65.9688,-20.4573],[-66.0075,-20.5041],[-66.0459,-20.5135],[-66.12,-20.4391],[-66.133,-20.473],[-66.1996,-20.4822],[-66.2182,-20.5228],[-66.1903,-20.5623],[-66.2037,-20.638],[-66.1832,-20.7092],[-66.1946,-20.7454],[-66.2337,-20.7808]]]}},{"type":"Feature","properties":{"nombre":"Nor Lipez","departamento":"Potosí","rotulo":[-66.9342,-21.2012]},"geometry":{"type":"Polygon","coordinates":[[[-66.9393,-20.4031],[-66.9741,-20.3958],[-67.0024,-20.4339],[-67.0387,-20.452],[-67.0538,-20.4778],[-67.0894,-20.4869],[-67.1307,-20.6057],[-67.1255,-20.6285],[-67.1938,-20.6246],[-67.2219,-20.6352],[-67.2466,-20.617],[-67.2796,-20.644],[-67.2872,-20.6774],[-67.3204,-20.7173],[-67.4186,-20.6919],[-67.5033,-20.6502],[-67.5625,-20.5953],[-67.5786,-20.5557],[-67.6424,-20.4776],[-67.6908,-20.4339],[-67.7262,-20.3853],[-67.7436,-20.4006],[-67.7624,-20.4828],[-67.7888,-20.5243],[-67.8581,-20.5153],[-67.9888,-20.7201],[-68.1686,-20.6167],[-68.2321,-20.5971],[-68.2533,-20.5703],[-68.3023,-20.5801],[-68.3679,-20.5714],[-68.4238,-20.6088],[-68.4391,-20.641],[-68.5032,-20.676],[-68.5321,-20.7229],[-68.555,-20.7367],[-68.5411,-20.8014],[-68.5691,-20.8945],[-68.543,-20.9037],[-68.5035,-20.9429],[-68.4157,-20.9414],[-68.3638,-21.0022],[-68.2951,-21.0978],[-68.1784,-21.3035],[-68.1806,-21.6041],[-68.1179,-21.6786],[-68.0599,-21.7779],[-68.0706,-21.962],[-67.9244,-21.959],[-67.8163,-21.9636],[-67.7736,-21.9487],[-67.6251,-21.9525],[-67.5634,-21.9819],[-67.4376,-21.9828],[-67.3406,-22.0144],[-67.2434,-22.0045],[-67.1544,-22.0059],[-67.0321,-21.9656],[-67.0274,-21.9253],[-67.0586,-21.8652],[-67.0985,-21.8506],[-67.1882,-21.8268],[-67.279,-21.7864],[-67.3693,-21.7255],[-67.3919,-21.694],[-67.445,-21.6691],[-67.5669,-21.5382],[-67.611,-21.518],[-67.6957,-21.3533],[-67.7164,-21.2705],[-67.7412,-21.1404],[-67.6881,-21.082],[-67.6274,-21.1116],[-67.5815,-21.0861],[-67.5627,-21.0987],[-67.5321,-21.1554],[-67.5221,-21.2144],[-67.4827,-21.2671],[-67.4641,-21.3388],[-67.3468,-21.4752],[-67.2454,-21.5156],[-67.1255,-21.5978],[-67.0244,-21.7023],[-66.9458,-21.6203],[-66.918,-21.6035],[-66.9095,-21.5683],[-66.835,-21.5069],[-66.7885,-21.3843],[-66.761,-21.3486],[-66.7304,-21.3417],[-66.6834,-21.3538],[-66.6069,-21.3049],[-66.5803,-21.2972],[-66.5257,-21.3156],[-66.4797,-21.3603],[-66.4428,-21.38],[-66.3606,-21.3809],[-66.2692,-21.4262],[-66.2776,-21.311],[-66.3506,-21.2633],[-66.36,-21.225],[-66.3351,-21.188],[-66.3554,-21.1684],[-66.4045,-21.0536],[-66.4428,-21.0081],[-66.4866,-20.9967],[-66.4843,-20.9531],[-66.5687,-20.9613],[-66.6149,-20.9084],[-66.6579,-20.8935],[-66.6891,-20.866],[-66.7257,-20.7892],[-66.7509,-20.762],[-66.8031,-20.5766],[-66.8623,-20.5021],[-66.871,-20.4638],[-66.9393,-20.4031]]]}},{"type":"Feature","properties":{"nombre":"Rafael Bustillo","departamento":"Potosí","rotulo":[-66.4365,-18.5035]},"geometry":{"type":"Polygon","coordinates":[[[-66.3797,-18.7384],[-66.3233,-18.7058],[-66.2853,-18.6665],[-66.2901,-18.6302],[-66.274,-18.5994],[-66.2866,-18.5735],[-66.2149,-18.5129],[-66.1774,-18.4941],[-66.207,-18.4598],[-66.2517,-18.4068],[-66.2976,-18.3813],[-66.3558,-18.3166],[-66.3449,-18.28],[-66.3049,-18.2257],[-66.3647,-18.2067],[-66.4172,-18.2579],[-66.4595,-18.2738],[-66.5439,-18.2711],[-66.6144,-18.2793],[-66.6614,-18.2956],[-66.6786,-18.3164],[-66.7293,-18.3404],[-66.6986,-18.4032],[-66.6831,-18.4825],[-66.6576,-18.5673],[-66.6423,-18.5896],[-66.6442,-18.6303],[-66.6179,-18.6456],[-66.5648,-18.7182],[-66.537,-18.721],[-66.5321,-18.7737],[-66.4997,-18.7873],[-66.4775,-18.7613],[-66.4605,-18.7071],[-66.4133,-18.7077],[-66.3797,-18.7384]]]}},{"type":"Feature","properties":{"nombre":"Sur Chichas","departamento":"Potosí","rotulo":[-65.8539,-21.3131]},"geometry":{"type":"Polygon","coordinates":[[[-66.4843,-20.9531],[-66.4866,-20.9967],[-66.4428,-21.0081],[-66.4045,-21.0536],[-66.3554,-21.1684],[-66.3351,-21.188],[-66.36,-21.225],[-66.3506,-21.2633],[-66.2776,-21.311],[-66.2692,-21.4262],[-66.2917,-21.4392],[-66.2677,-21.4922],[-66.2681,-21.5659],[-66.2809,-21.6042],[-66.3354,-21.662],[-66.3476,-21.7032],[-66.3265,-21.7637],[-66.2839,-21.7801],[-66.2385,-21.7508],[-66.2215,-21.7814],[-66.1273,-21.8181],[-66.1174,-21.7739],[-66.0555,-21.7537],[-66.0513,-21.7499],[-66.0319,-21.8012],[-65.9448,-21.8301],[-65.9281,-21.8358],[-65.9112,-21.8066],[-65.8731,-21.7868],[-65.7875,-21.778],[-65.7265,-21.75],[-65.734,-21.6876],[-65.6833,-21.6701],[-65.6172,-21.6739],[-65.5301,-21.6651],[-65.5036,-21.6938],[-65.5169,-21.7138],[-65.4602,-21.8338],[-65.3907,-21.8467],[-65.3572,-21.8395],[-65.3361,-21.8057],[-65.3043,-21.6887],[-65.277,-21.6642],[-65.2451,-21.57],[-65.2471,-21.4891],[-65.2498,-21.4824],[-65.3117,-21.4858],[-65.3877,-21.5164],[-65.4077,-21.4319],[-65.4371,-21.4265],[-65.4302,-21.3151],[-65.4417,-21.1811],[-65.4025,-21.1603],[-65.4186,-21.0958],[-65.4853,-21.1199],[-65.5624,-21.1047],[-65.5939,-21.137],[-65.6295,-21.1296],[-65.7001,-21.1726],[-65.7993,-21.1241],[-65.8377,-21.0788],[-65.8916,-21.08],[-65.8936,-21.0401],[-65.8709,-21.0128],[-65.8744,-20.9843],[-65.9141,-20.9701],[-65.9473,-20.9423],[-65.9869,-20.9389],[-66.0163,-20.9202],[-66.0844,-20.9115],[-66.1667,-20.8727],[-66.2028,-20.8129],[-66.2337,-20.7808],[-66.3369,-20.8636],[-66.4162,-20.8938],[-66.4843,-20.9531]]]}},{"type":"Feature","properties":{"nombre":"Sur Lipez","departamento":"Potosí","rotulo":[-67.1273,-22.095]},"geometry":{"type":"Polygon","coordinates":[[[-67.0985,-21.8506],[-67.0586,-21.8652],[-67.0274,-21.9253],[-67.0321,-21.9656],[-67.1544,-22.0059],[-67.2434,-22.0045],[-67.3406,-22.0144],[-67.4376,-21.9828],[-67.5634,-21.9819],[-67.6251,-21.9525],[-67.7736,-21.9487],[-67.8163,-21.9636],[-67.9244,-21.959],[-68.0706,-21.962],[-68.072,-21.9802],[-68.0024,-22.0393],[-67.9652,-22.0541],[-67.9392,-22.1086],[-67.9541,-22.149],[-67.9222,-22.2423],[-67.9257,-22.2759],[-67.9514,-22.3304],[-67.8986,-22.4239],[-67.8926,-22.4991],[-67.8534,-22.5573],[-67.8909,-22.7191],[-67.8788,-22.8005],[-67.8832,-22.8344],[-67.8325,-22.8504],[-67.799,-22.8812],[-67.588,-22.9066],[-67.5632,-22.8982],[-67.1805,-22.814],[-67.1278,-22.7221],[-67.0141,-22.6548],[-67.0273,-22.5409],[-66.973,-22.5407],[-66.9286,-22.4922],[-66.7825,-22.4381],[-66.7843,-22.4018],[-66.7616,-22.3459],[-66.7393,-22.2385],[-66.6863,-22.2095],[-66.6383,-22.2255],[-66.6232,-22.1974],[-66.357,-22.1322],[-66.3284,-22.103],[-66.2895,-22.087],[-66.2747,-21.951],[-66.2354,-21.8508],[-66.2428,-21.7937],[-66.2215,-21.7814],[-66.2385,-21.7508],[-66.2839,-21.7801],[-66.3265,-21.7637],[-66.3476,-21.7032],[-66.3354,-21.662],[-66.2809,-21.6042],[-66.2681,-21.5659],[-66.2677,-21.4922],[-66.2917,-21.4392],[-66.2692,-21.4262],[-66.3606,-21.3809],[-66.4428,-21.38],[-66.4797,-21.3603],[-66.5257,-21.3156],[-66.5803,-21.2972],[-66.6069,-21.3049],[-66.6834,-21.3538],[-66.7304,-21.3417],[-66.761,-21.3486],[-66.7885,-21.3843],[-66.835,-21.5069],[-66.9095,-21.5683],[-66.918,-21.6035],[-66.9458,-21.6203],[-67.0244,-21.7023],[-67.0419,-21.7896],[-67.0985,-21.8506]]]}},{"type":"Feature","properties":{"nombre":"Tomás Frías","departamento":"Potosí","rotulo":[-65.9352,-19.3925]},"geometry":{"type":"Polygon","coordinates":[[[-66.1889,-19.2421],[-66.2171,-19.2565],[-66.2291,-19.2862],[-66.2624,-19.3015],[-66.3569,-19.4537],[-66.3604,-19.49],[-66.3342,-19.5557],[-66.2598,-19.6443],[-66.2292,-19.6589],[-66.194,-19.7069],[-66.1729,-19.6931],[-66.0791,-19.6776],[-65.9953,-19.6706],[-65.8887,-19.709],[-65.8357,-19.7059],[-65.8375,-19.7523],[-65.8005,-19.7432],[-65.7666,-19.783],[-65.7226,-19.8213],[-65.6915,-19.8239],[-65.6611,-19.7719],[-65.6625,-19.7451],[-65.6379,-19.7142],[-65.661,-19.7047],[-65.6554,-19.6555],[-65.6748,-19.6202],[-65.6529,-19.6002],[-65.6363,-19.5436],[-65.5929,-19.5208],[-65.5782,-19.4652],[-65.5279,-19.4402],[-65.5517,-19.4159],[-65.5514,-19.369],[-65.5878,-19.321],[-65.6475,-19.3103],[-65.6718,-19.3407],[-65.698,-19.2793],[-65.7048,-19.2303],[-65.6921,-19.1631],[-65.6572,-19.1468],[-65.6883,-19.1422],[-65.7415,-19.0768],[-65.7327,-19.0558],[-65.7689,-19.0307],[-65.823,-19.027],[-65.8864,-18.9689],[-65.9963,-18.9904],[-66.0623,-19.0486],[-66.093,-19.0851],[-66.0861,-19.0998],[-66.1127,-19.157],[-66.1007,-19.1745],[-66.153,-19.2341],[-66.1889,-19.2421]]]}},{"type":"Feature","properties":{"nombre":"Andrés Ibáñez","departamento":"Santa Cruz","rotulo":[-63.1874,-17.8927]},"geometry":{"type":"Polygon","coordinates":[[[-62.8104,-18.0181],[-62.8131,-17.9855],[-62.7794,-17.9687],[-62.8112,-17.9113],[-62.7821,-17.8741],[-62.7558,-17.802],[-62.7635,-17.7758],[-62.7379,-17.7483],[-62.7458,-17.7217],[-62.7805,-17.7009],[-62.7762,-17.6642],[-62.7907,-17.6357],[-62.7686,-17.5937],[-62.7677,-17.5561],[-62.7902,-17.5322],[-62.8493,-17.5397],[-62.903,-17.5837],[-62.9712,-17.599],[-63.0025,-17.6238],[-63.0452,-17.6306],[-63.0947,-17.6698],[-63.1588,-17.6742],[-63.1574,-17.6463],[-63.1876,-17.6248],[-63.1983,-17.5931],[-63.2152,-17.6154],[-63.2481,-17.6033],[-63.2957,-17.6334],[-63.3172,-17.6106],[-63.3568,-17.6238],[-63.364,-17.5788],[-63.4353,-17.5616],[-63.4354,-17.5965],[-63.4632,-17.6224],[-63.4634,-17.6677],[-63.4858,-17.6937],[-63.5265,-17.7936],[-63.5167,-17.8075],[-63.5515,-17.8718],[-63.6364,-17.9384],[-63.6219,-17.959],[-63.6168,-18.0162],[-63.5842,-18.0383],[-63.5695,-18.1237],[-63.5216,-18.1811],[-63.5367,-18.2017],[-63.5141,-18.28],[-63.491,-18.2655],[-63.4515,-18.2714],[-63.3643,-18.2315],[-63.3242,-18.252],[-63.2788,-18.2353],[-63.2052,-18.2606],[-63.1915,-18.2563],[-63.1921,-18.1731],[-63.131,-18.1719],[-63.1337,-18.11],[-63.1692,-18.0286],[-62.8909,-18.0226],[-62.8104,-18.0181]]]}},{"type":"Feature","properties":{"nombre":"Angel Sandoval","departamento":"Santa Cruz","rotulo":[-58.9519,-17.1939]},"geometry":{"type":"Polygon","coordinates":[[[-57.6365,-17.9816],[-57.7229,-17.8302],[-57.6851,-17.8106],[-57.7132,-17.7756],[-57.711,-17.7308],[-57.7321,-17.7186],[-57.7834,-17.6399],[-57.7843,-17.6082],[-57.7385,-17.5686],[-57.7513,-17.5507],[-57.8878,-17.4528],[-57.9695,-17.5145],[-58.0442,-17.4923],[-58.051,-17.4626],[-58.1203,-17.4502],[-58.1199,-17.4246],[-58.1929,-17.3926],[-58.2029,-17.3543],[-58.2552,-17.354],[-58.2766,-17.305],[-58.3163,-17.2685],[-58.3666,-17.2014],[-58.3974,-17.1864],[-58.3995,-17.0838],[-58.4313,-17.0656],[-58.4312,-16.9917],[-58.4765,-16.9381],[-58.4605,-16.902],[-58.4787,-16.8228],[-58.4655,-16.7832],[-58.4714,-16.7503],[-58.4593,-16.6528],[-58.4219,-16.5752],[-58.395,-16.5648],[-58.3381,-16.5163],[-58.3339,-16.4844],[-58.3548,-16.4404],[-58.3451,-16.3998],[-58.3096,-16.3614],[-58.3037,-16.3097],[-58.3289,-16.2712],[-58.389,-16.2628],[-58.4012,-16.3055],[-58.4311,-16.3224],[-58.9646,-16.3009],[-59.4956,-16.2793],[-59.5091,-16.6743],[-59.5202,-17.0091],[-59.5257,-17.6147],[-59.5279,-18.0178],[-59.5261,-18.0213],[-59.2503,-18.1152],[-58.8048,-17.9708],[-58.0338,-17.9968],[-58.0224,-17.9791],[-57.6365,-17.9816]]]}},{"type":"Feature","properties":{"nombre":"Chiquitos","departamento":"Santa Cruz","rotulo":[-61.1479,-17.838]},"geometry":{"type":"Polygon","coordinates":[[[-62.8104,-18.0181],[-62.3979,-18.0671],[-61.8334,-18.1578],[-61.6492,-18.1888],[-61.2636,-18.2466],[-60.1175,-18.4166],[-59.6922,-18.4769],[-59.6714,-18.5118],[-59.6476,-18.5095],[-59.5968,-18.536],[-59.5456,-18.5831],[-59.4896,-18.5709],[-59.4195,-18.5853],[-59.4092,-18.6098],[-59.2691,-18.6176],[-59.2059,-18.6561],[-59.1815,-18.641],[-59.1257,-18.6403],[-59.0806,-18.6554],[-58.9614,-18.664],[-58.9888,-18.624],[-59.2503,-18.1152],[-59.5261,-18.0213],[-59.5279,-18.0178],[-59.5257,-17.6147],[-59.5202,-17.0091],[-60.0784,-17.1381],[-60.3846,-17.2096],[-60.489,-17.236],[-60.5107,-17.2203],[-60.5708,-17.2366],[-60.6009,-17.2676],[-60.6686,-17.2408],[-60.6932,-17.2068],[-60.7329,-17.2046],[-60.7772,-17.1845],[-60.8402,-17.1764],[-60.8749,-17.2352],[-60.9332,-17.2589],[-60.9371,-17.2971],[-60.9907,-17.2961],[-61.0141,-17.33],[-61.1404,-17.3664],[-61.2134,-17.3689],[-61.2492,-17.4024],[-61.2882,-17.393],[-61.368,-17.3456],[-61.4242,-17.3431],[-61.4412,-17.3268],[-61.4835,-17.3456],[-61.5096,-17.3261],[-61.5005,-17.2896],[-61.5686,-17.2575],[-61.7795,-17.3415],[-62.0471,-17.3807],[-62.5403,-17.4614],[-62.6207,-17.466],[-62.7152,-17.4903],[-62.7862,-17.5019],[-62.7902,-17.5322],[-62.7677,-17.5561],[-62.7686,-17.5937],[-62.7907,-17.6357],[-62.7762,-17.6642],[-62.7805,-17.7009],[-62.7458,-17.7217],[-62.7379,-17.7483],[-62.7635,-17.7758],[-62.7558,-17.802],[-62.7821,-17.8741],[-62.8112,-17.9113],[-62.7794,-17.9687],[-62.8131,-17.9855],[-62.8104,-18.0181]]]}},{"type":"Feature","properties":{"nombre":"Cordillera","departamento":"Santa Cruz","rotulo":[-61.3958,-19.2286]},"geometry":{"type":"Polygon","coordinates":[[[-63.5141,-18.28],[-63.5093,-18.3402],[-63.6143,-18.3656],[-63.626,-18.3994],[-63.6509,-18.4092],[-63.6768,-18.4746],[-63.6979,-18.4832],[-63.687,-18.5491],[-63.692,-18.6224],[-63.6478,-18.6645],[-63.6089,-18.739],[-63.5415,-18.7198],[-63.5266,-18.7445],[-63.531,-18.7806],[-63.5804,-18.8241],[-63.5314,-18.8806],[-63.5364,-18.9373],[-63.5559,-18.9681],[-63.5467,-19.0457],[-63.5802,-19.0949],[-63.615,-19.0971],[-63.6686,-19.0794],[-63.7052,-19.0431],[-63.7186,-19.113],[-63.7343,-19.1325],[-63.7445,-19.1852],[-63.7145,-19.2721],[-63.7206,-19.3349],[-63.713,-19.3765],[-63.7209,-19.4173],[-63.7061,-19.4693],[-63.7102,-19.5729],[-63.7009,-19.6546],[-63.7115,-19.6739],[-63.7216,-19.7537],[-63.709,-19.8611],[-63.7198,-19.908],[-63.7164,-19.952],[-63.7323,-20.0272],[-63.7258,-20.1157],[-63.6923,-20.1487],[-63.6981,-20.187],[-63.6808,-20.2084],[-63.7076,-20.2543],[-63.6924,-20.3454],[-63.6955,-20.3983],[-63.6842,-20.4651],[-63.6672,-20.4732],[-63.581,-20.448],[-63.5195,-20.4601],[-63.4214,-20.4404],[-63.3997,-20.3986],[-63.3571,-20.3925],[-63.3576,-20.4601],[-63.2491,-20.4606],[-63.0219,-20.4442],[-62.6925,-20.4422],[-62.1794,-20.4426],[-61.9224,-20.0892],[-61.7355,-19.6342],[-61.1624,-19.5454],[-60.601,-19.4559],[-59.9769,-19.2952],[-59.6457,-19.3125],[-59.2497,-19.3408],[-59.1145,-19.344],[-59.0996,-19.3494],[-58.9864,-18.9853],[-58.8704,-18.7968],[-58.9614,-18.664],[-59.0806,-18.6554],[-59.1257,-18.6403],[-59.1815,-18.641],[-59.2059,-18.6561],[-59.2691,-18.6176],[-59.4092,-18.6098],[-59.4195,-18.5853],[-59.4896,-18.5709],[-59.5456,-18.5831],[-59.5968,-18.536],[-59.6476,-18.5095],[-59.6714,-18.5118],[-59.6922,-18.4769],[-60.1175,-18.4166],[-61.2636,-18.2466],[-61.6492,-18.1888],[-61.8334,-18.1578],[-62.3979,-18.0671],[-62.8104,-18.0181],[-62.8909,-18.0226],[-63.1692,-18.0286],[-63.1337,-18.11],[-63.131,-18.1719],[-63.1921,-18.1731],[-63.1915,-18.2563],[-63.2052,-18.2606],[-63.2788,-18.2353],[-63.3242,-18.252],[-63.3643,-18.2315],[-63.4515,-18.2714],[-63.491,-18.2655],[-63.5141,-18.28]]]}},{"type":"Feature","properties":{"nombre":"Florida","departamento":"Santa Cruz","rotulo":[-63.934,-18.1043]},"geometry":{"type":"Polygon","coordinates":[[[-63.6168,-18.0162],[-63.6863,-18.0068],[-63.7509,-18.0239],[-63.7763,-17.9874],[-63.7653,-17.9428],[-63.7704,-17.8995],[-63.7925,-17.8608],[-63.8465,-17.8846],[-63.923,-17.8814],[-63.9643,-17.8571],[-64.0242,-17.8023],[-64.0545,-17.7536],[-64.0986,-17.749],[-64.1532,-17.7921],[-64.1877,-17.7582],[-64.2187,-17.7495],[-64.2479,-17.8112],[-64.2568,-17.9279],[-64.2412,-17.9576],[-64.283,-18.0238],[-64.2685,-18.0857],[-64.3219,-18.1228],[-64.3142,-18.1597],[-64.2198,-18.1923],[-64.144,-18.1732],[-64.0987,-18.1733],[-64.0758,-18.1965],[-64.0526,-18.2531],[-64.0526,-18.3332],[-64.0297,-18.4021],[-63.9549,-18.4438],[-63.9196,-18.4232],[-63.8899,-18.4459],[-63.834,-18.4486],[-63.7466,-18.4358],[-63.7004,-18.402],[-63.6509,-18.4092],[-63.626,-18.3994],[-63.6143,-18.3656],[-63.5093,-18.3402],[-63.5141,-18.28],[-63.5367,-18.2017],[-63.5216,-18.1811],[-63.5695,-18.1237],[-63.5842,-18.0383],[-63.6168,-18.0162]]]}},{"type":"Feature","properties":{"nombre":"Germán Busch","departamento":"Santa Cruz","rotulo":[-58.4254,-19.1184]},"geometry":{"type":"Polygon","coordinates":[[[-59.2503,-18.1152],[-58.9888,-18.624],[-58.9614,-18.664],[-58.8704,-18.7968],[-58.9864,-18.9853],[-59.0996,-19.3494],[-58.8235,-19.4969],[-58.6406,-19.5864],[-58.5011,-19.6502],[-58.2354,-19.7755],[-58.1648,-19.8271],[-58.2019,-19.8648],[-58.1959,-19.9282],[-58.1649,-20.0651],[-58.1177,-20.1463],[-58.0937,-20.1087],[-58.0505,-20.1069],[-58.0252,-20.0586],[-57.9856,-20.0591],[-57.9569,-20.0226],[-57.9029,-20.0435],[-57.8591,-19.9717],[-58.0012,-19.8628],[-58.1314,-19.7584],[-58.0088,-19.5038],[-57.8622,-19.2016],[-57.7837,-19.0352],[-57.711,-19.0348],[-57.6967,-18.9978],[-57.7197,-18.9781],[-57.7187,-18.8984],[-57.7672,-18.9005],[-57.6665,-18.5812],[-57.5597,-18.2421],[-57.4571,-18.2361],[-57.4814,-18.2001],[-57.5082,-18.1987],[-57.5797,-18.1201],[-57.6011,-18.0436],[-57.6365,-17.9816],[-58.0224,-17.9791],[-58.0338,-17.9968],[-58.8048,-17.9708],[-59.2503,-18.1152]]]}},{"type":"Feature","properties":{"nombre":"Guarayos","departamento":"Santa Cruz","rotulo":[-63.1957,-15.2454]},"geometry":{"type":"Polygon","coordinates":[[[-63.975,-14.7284],[-63.959,-14.7577],[-63.9264,-14.7721],[-63.9466,-14.8807],[-63.9228,-14.9676],[-63.9219,-15.0006],[-63.9425,-15.0536],[-63.9615,-15.0619],[-63.9181,-15.1607],[-63.8585,-15.227],[-63.8713,-15.2637],[-63.8318,-15.353],[-63.7752,-15.4032],[-63.7937,-15.4284],[-63.749,-15.4659],[-63.7253,-15.4657],[-63.6804,-15.4973],[-63.6934,-15.5538],[-63.6857,-15.574],[-63.6429,-15.5942],[-63.632,-15.6321],[-63.566,-15.6589],[-63.5122,-15.6655],[-63.4754,-15.7064],[-63.471,-15.7346],[-63.4293,-15.7491],[-63.4442,-15.8248],[-63.394,-15.8548],[-63.3806,-15.8839],[-64.487,-15.8251],[-64.7297,-15.802],[-64.6997,-15.824],[-64.6904,-15.865],[-64.6157,-15.9135],[-64.555,-15.9145],[-64.5156,-15.973],[-64.4778,-15.9614],[-64.4397,-15.9708],[-64.3742,-16.0152],[-64.2996,-16.0217],[-64.2785,-16.0055],[-64.2385,-16.0368],[-64.23,-16.102],[-64.1006,-16.0816],[-64.0395,-16.0619],[-64.011,-16.0417],[-63.9867,-16.0863],[-63.9337,-16.1032],[-63.915,-16.134],[-63.8666,-16.1528],[-63.8318,-16.1868],[-63.7428,-16.1885],[-63.7022,-16.2378],[-63.6338,-16.2714],[-63.5977,-16.3153],[-63.5444,-16.3194],[-63.5324,-16.3605],[-63.5031,-16.3913],[-63.4661,-16.3941],[-63.4499,-16.4357],[-63.451,-16.5042],[-62.7763,-16.5027],[-62.7002,-16.5039],[-62.6673,-16.4491],[-62.6714,-16.3964],[-62.5871,-15.8477],[-62.5447,-15.5868],[-62.531,-15.5216],[-62.5096,-15.5174],[-62.5159,-15.4644],[-62.5589,-15.4316],[-62.5367,-15.3791],[-62.5132,-15.3593],[-62.5365,-15.3156],[-62.5255,-15.3018],[-62.5272,-15.2118],[-62.4987,-15.1769],[-62.4866,-15.1354],[-62.5758,-15.0403],[-62.5901,-15.0023],[-62.6306,-14.9905],[-62.6497,-14.9153],[-62.6275,-14.8872],[-62.6444,-14.8431],[-62.6356,-14.8073],[-62.6504,-14.7836],[-62.6219,-14.6583],[-62.6592,-14.6147],[-62.6724,-14.5465],[-62.7321,-14.48],[-62.7284,-14.4365],[-62.7605,-14.359],[-62.7964,-14.3037],[-62.7973,-14.2815],[-62.7619,-14.2466],[-62.7566,-14.1729],[-62.7335,-14.1273],[-62.7043,-14.1144],[-62.6797,-14.0659],[-62.6795,-14.024],[-62.7049,-13.9758],[-63.0907,-14.1204],[-63.5622,-14.2969],[-63.975,-14.7284]]]}},{"type":"Feature","properties":{"nombre":"Ichilo","departamento":"Santa Cruz","rotulo":[-64.3456,-16.9232]},"geometry":{"type":"Polygon","coordinates":[[[-63.4632,-17.6224],[-63.4879,-17.6272],[-63.5365,-17.5379],[-63.5129,-17.4851],[-63.5097,-17.4145],[-63.5537,-17.3607],[-63.595,-17.3423],[-63.6117,-17.3067],[-63.602,-17.2191],[-63.6155,-17.147],[-63.6631,-17.0984],[-63.689,-17.0546],[-63.7296,-17.046],[-63.7474,-17.0001],[-63.7973,-16.9851],[-63.8389,-16.9886],[-63.8776,-16.969],[-63.9111,-16.9681],[-63.9486,-16.9345],[-63.9643,-16.8852],[-63.9416,-16.8681],[-63.9409,-16.8343],[-64.0278,-16.743],[-64.0321,-16.7022],[-64.0109,-16.6613],[-63.9961,-16.5499],[-64.0468,-16.5408],[-64.067,-16.4521],[-64.0655,-16.3755],[-64.0751,-16.3202],[-64.1742,-16.2715],[-64.2124,-16.2739],[-64.239,-16.24],[-64.2315,-16.1843],[-64.2734,-16.1547],[-64.2928,-16.1196],[-64.3197,-16.1148],[-64.326,-16.0693],[-64.3572,-16.0423],[-64.402,-16.0485],[-64.5156,-15.973],[-64.555,-15.9145],[-64.6157,-15.9135],[-64.6904,-15.865],[-64.6997,-15.824],[-64.7297,-15.802],[-64.749,-15.8709],[-64.7304,-15.9202],[-64.7554,-15.9421],[-64.702,-16.0349],[-64.6978,-16.1109],[-64.6737,-16.1373],[-64.6817,-16.1814],[-64.6715,-16.2049],[-64.6734,-16.2611],[-64.6932,-16.2855],[-64.674,-16.3099],[-64.6565,-16.3781],[-64.6794,-16.408],[-64.6856,-16.4523],[-64.7502,-16.5558],[-64.7505,-16.5934],[-64.7811,-16.6132],[-64.7553,-16.6574],[-64.8071,-16.6951],[-64.841,-16.7456],[-64.8017,-16.797],[-64.7894,-16.8447],[-64.7693,-16.8615],[-64.7502,-16.9119],[-64.7093,-16.9531],[-64.6833,-17.0193],[-64.6411,-17.035],[-64.5644,-17.0402],[-64.5217,-17.0563],[-64.5363,-17.0893],[-64.4807,-17.114],[-64.4695,-17.1336],[-64.3985,-17.1387],[-64.3661,-17.2156],[-64.3362,-17.208],[-64.3391,-17.265],[-64.2838,-17.2647],[-64.2466,-17.3027],[-64.2341,-17.3737],[-64.2539,-17.4255],[-64.241,-17.4928],[-64.2061,-17.5231],[-64.1184,-17.5525],[-64.1278,-17.6257],[-64.1542,-17.6521],[-64.1567,-17.7027],[-64.2084,-17.7149],[-64.2187,-17.7495],[-64.1877,-17.7582],[-64.1532,-17.7921],[-64.0986,-17.749],[-64.0545,-17.7536],[-64.0242,-17.8023],[-63.9643,-17.8571],[-63.923,-17.8814],[-63.8465,-17.8846],[-63.7925,-17.8608],[-63.7704,-17.8995],[-63.7653,-17.9428],[-63.7763,-17.9874],[-63.7509,-18.0239],[-63.6863,-18.0068],[-63.6168,-18.0162],[-63.6219,-17.959],[-63.6364,-17.9384],[-63.5515,-17.8718],[-63.5167,-17.8075],[-63.5265,-17.7936],[-63.4858,-17.6937],[-63.4634,-17.6677],[-63.4632,-17.6224]]]}},{"type":"Feature","properties":{"nombre":"Manuel María Caballero","departamento":"Santa Cruz","rotulo":[-64.5119,-17.8205]},"geometry":{"type":"Polygon","coordinates":[[[-64.4942,-18.2345],[-64.4606,-18.219],[-64.4257,-18.2231],[-64.4095,-18.186],[-64.3634,-18.2013],[-64.3142,-18.1597],[-64.3219,-18.1228],[-64.2685,-18.0857],[-64.283,-18.0238],[-64.2412,-17.9576],[-64.2568,-17.9279],[-64.2479,-17.8112],[-64.2187,-17.7495],[-64.2084,-17.7149],[-64.1567,-17.7027],[-64.1542,-17.6521],[-64.1278,-17.6257],[-64.1184,-17.5525],[-64.2061,-17.5231],[-64.241,-17.4928],[-64.2539,-17.4255],[-64.3062,-17.4374],[-64.3491,-17.4235],[-64.3575,-17.4446],[-64.4051,-17.4575],[-64.4006,-17.4939],[-64.4276,-17.5235],[-64.4323,-17.56],[-64.4894,-17.56],[-64.5141,-17.5433],[-64.5502,-17.5658],[-64.6025,-17.5574],[-64.5884,-17.6006],[-64.6016,-17.6408],[-64.6275,-17.659],[-64.6589,-17.7166],[-64.699,-17.7154],[-64.7565,-17.7509],[-64.7776,-17.8298],[-64.8064,-17.8931],[-64.7866,-17.9333],[-64.8106,-17.9447],[-64.7663,-17.9849],[-64.7156,-18.0723],[-64.6661,-18.1045],[-64.6112,-18.0962],[-64.5456,-18.1356],[-64.5196,-18.1723],[-64.4942,-18.2345]]]}},{"type":"Feature","properties":{"nombre":"Obispo Santistéban","departamento":"Santa Cruz","rotulo":[-63.3831,-16.739]},"geometry":{"type":"Polygon","coordinates":[[[-64.23,-16.102],[-64.1715,-16.1191],[-64.1056,-16.0966],[-64.0475,-16.1327],[-64.0122,-16.179],[-63.9942,-16.1695],[-63.9614,-16.2072],[-63.954,-16.238],[-63.927,-16.2573],[-63.8967,-16.3199],[-63.9029,-16.3344],[-63.8188,-16.3882],[-63.8249,-16.4223],[-63.8012,-16.4544],[-63.8256,-16.4792],[-63.8315,-16.5353],[-63.7856,-16.5496],[-63.7492,-16.5424],[-63.6963,-16.5922],[-63.7068,-16.6291],[-63.6816,-16.6465],[-63.6863,-16.6995],[-63.6387,-16.6953],[-63.6402,-16.7196],[-63.5925,-16.7638],[-63.5776,-16.8079],[-63.5043,-16.8514],[-63.4731,-16.8862],[-63.4719,-16.9481],[-63.4272,-16.9886],[-63.4017,-17.0607],[-63.3684,-17.1011],[-63.3711,-17.1188],[-63.3259,-17.21],[-63.3398,-17.2381],[-63.3145,-17.2639],[-63.3355,-17.3454],[-63.3321,-17.3753],[-63.2899,-17.4153],[-63.2581,-17.427],[-63.2313,-17.4135],[-63.2336,-17.3757],[-63.1556,-17.3551],[-63.1198,-17.2522],[-63.0858,-17.2327],[-63.0704,-17.139],[-63.0582,-17.1253],[-63.0768,-17.0783],[-63.0345,-17.0358],[-63.0407,-16.9732],[-63.0877,-16.8791],[-63.0795,-16.8094],[-63.1047,-16.7985],[-63.1384,-16.7585],[-63.1576,-16.7153],[-63.206,-16.7004],[-63.2732,-16.647],[-63.323,-16.6339],[-63.3438,-16.5996],[-63.385,-16.579],[-63.3952,-16.5399],[-63.451,-16.5042],[-63.4499,-16.4357],[-63.4661,-16.3941],[-63.5031,-16.3913],[-63.5324,-16.3605],[-63.5444,-16.3194],[-63.5977,-16.3153],[-63.6338,-16.2714],[-63.7022,-16.2378],[-63.7428,-16.1885],[-63.8318,-16.1868],[-63.8666,-16.1528],[-63.915,-16.134],[-63.9337,-16.1032],[-63.9867,-16.0863],[-64.011,-16.0417],[-64.0395,-16.0619],[-64.1006,-16.0816],[-64.23,-16.102]]]}},{"type":"Feature","properties":{"nombre":"Sara","departamento":"Santa Cruz","rotulo":[-63.786,-16.7858]},"geometry":{"type":"Polygon","coordinates":[[[-63.1983,-17.5931],[-63.2105,-17.5638],[-63.2216,-17.4876],[-63.2581,-17.427],[-63.2899,-17.4153],[-63.3321,-17.3753],[-63.3355,-17.3454],[-63.3145,-17.2639],[-63.3398,-17.2381],[-63.3259,-17.21],[-63.3711,-17.1188],[-63.3684,-17.1011],[-63.4017,-17.0607],[-63.4272,-16.9886],[-63.4719,-16.9481],[-63.4731,-16.8862],[-63.5043,-16.8514],[-63.5776,-16.8079],[-63.5925,-16.7638],[-63.6402,-16.7196],[-63.6387,-16.6953],[-63.6863,-16.6995],[-63.6816,-16.6465],[-63.7068,-16.6291],[-63.6963,-16.5922],[-63.7492,-16.5424],[-63.7856,-16.5496],[-63.8315,-16.5353],[-63.8256,-16.4792],[-63.8012,-16.4544],[-63.8249,-16.4223],[-63.8188,-16.3882],[-63.9029,-16.3344],[-63.8967,-16.3199],[-63.927,-16.2573],[-63.954,-16.238],[-63.9614,-16.2072],[-63.9942,-16.1695],[-64.0122,-16.179],[-64.0475,-16.1327],[-64.1056,-16.0966],[-64.1715,-16.1191],[-64.23,-16.102],[-64.2385,-16.0368],[-64.2785,-16.0055],[-64.2996,-16.0217],[-64.3742,-16.0152],[-64.4397,-15.9708],[-64.4778,-15.9614],[-64.5156,-15.973],[-64.402,-16.0485],[-64.3572,-16.0423],[-64.326,-16.0693],[-64.3197,-16.1148],[-64.2928,-16.1196],[-64.2734,-16.1547],[-64.2315,-16.1843],[-64.239,-16.24],[-64.2124,-16.2739],[-64.1742,-16.2715],[-64.0751,-16.3202],[-64.0655,-16.3755],[-64.067,-16.4521],[-64.0468,-16.5408],[-63.9961,-16.5499],[-64.0109,-16.6613],[-64.0321,-16.7022],[-64.0278,-16.743],[-63.9409,-16.8343],[-63.9416,-16.8681],[-63.9643,-16.8852],[-63.9486,-16.9345],[-63.9111,-16.9681],[-63.8776,-16.969],[-63.8389,-16.9886],[-63.7973,-16.9851],[-63.7474,-17.0001],[-63.7296,-17.046],[-63.689,-17.0546],[-63.6631,-17.0984],[-63.6155,-17.147],[-63.602,-17.2191],[-63.6117,-17.3067],[-63.595,-17.3423],[-63.5537,-17.3607],[-63.5097,-17.4145],[-63.5129,-17.4851],[-63.5365,-17.5379],[-63.4879,-17.6272],[-63.4632,-17.6224],[-63.4354,-17.5965],[-63.4353,-17.5616],[-63.364,-17.5788],[-63.3568,-17.6238],[-63.3172,-17.6106],[-63.2957,-17.6334],[-63.2481,-17.6033],[-63.2152,-17.6154],[-63.1983,-17.5931]]]}},{"type":"Feature","properties":{"nombre":"Vallegrande","departamento":"Santa Cruz","rotulo":[-63.9791,-18.6927]},"geometry":{"type":"Polygon","coordinates":[[[-64.0225,-19.1567],[-64.0099,-19.1798],[-63.9246,-19.1763],[-63.9072,-19.1603],[-63.9076,-19.0481],[-63.8844,-19.0294],[-63.8389,-19.0496],[-63.7687,-19.0316],[-63.7052,-19.0431],[-63.6686,-19.0794],[-63.615,-19.0971],[-63.5802,-19.0949],[-63.5467,-19.0457],[-63.5559,-18.9681],[-63.5364,-18.9373],[-63.5314,-18.8806],[-63.5804,-18.8241],[-63.531,-18.7806],[-63.5266,-18.7445],[-63.5415,-18.7198],[-63.6089,-18.739],[-63.6478,-18.6645],[-63.692,-18.6224],[-63.687,-18.5491],[-63.6979,-18.4832],[-63.6768,-18.4746],[-63.6509,-18.4092],[-63.7004,-18.402],[-63.7466,-18.4358],[-63.834,-18.4486],[-63.8899,-18.4459],[-63.9196,-18.4232],[-63.9549,-18.4438],[-64.0297,-18.4021],[-64.0526,-18.3332],[-64.0526,-18.2531],[-64.0758,-18.1965],[-64.0987,-18.1733],[-64.144,-18.1732],[-64.2198,-18.1923],[-64.3142,-18.1597],[-64.3634,-18.2013],[-64.4095,-18.186],[-64.4257,-18.2231],[-64.4606,-18.219],[-64.4942,-18.2345],[-64.4626,-18.3244],[-64.4392,-18.3291],[-64.4276,-18.4181],[-64.4026,-18.4507],[-64.3642,-18.4641],[-64.306,-18.5046],[-64.2967,-18.5655],[-64.2809,-18.5999],[-64.3149,-18.6262],[-64.3292,-18.6655],[-64.3198,-18.7267],[-64.2868,-18.7857],[-64.2773,-18.8366],[-64.2583,-18.8374],[-64.2143,-18.8811],[-64.1959,-18.9482],[-64.164,-18.9694],[-64.1304,-18.9643],[-64.0685,-19.0053],[-64.0461,-19.058],[-64.0412,-19.1209],[-64.0225,-19.1567]]]}},{"type":"Feature","properties":{"nombre":"Velasco","departamento":"Santa Cruz","rotulo":[-60.9012,-15.3961]},"geometry":{"type":"Polygon","coordinates":[[[-59.4956,-16.2793],[-59.5371,-16.276],[-59.8153,-16.2717],[-60.1735,-16.263],[-60.1799,-15.9977],[-60.2376,-15.4735],[-60.5749,-15.096],[-60.2444,-15.0953],[-60.2722,-14.6228],[-60.3217,-14.6095],[-60.3395,-14.5095],[-60.3995,-14.412],[-60.3825,-14.3676],[-60.4433,-14.3163],[-60.4604,-14.2637],[-60.467,-14.1875],[-60.4813,-14.1845],[-60.4666,-14.0964],[-60.4115,-14.027],[-60.4073,-13.9896],[-60.4421,-13.9343],[-60.4593,-13.8041],[-60.5183,-13.7737],[-60.5708,-13.7686],[-60.6094,-13.7271],[-60.6563,-13.7353],[-60.6864,-13.71],[-60.8165,-13.637],[-60.8803,-13.617],[-60.9234,-13.5665],[-60.9722,-13.5348],[-61.0125,-13.53],[-60.9934,-13.4895],[-61.0451,-13.4758],[-61.0921,-13.4932],[-61.106,-13.5155],[-61.1501,-13.531],[-61.1723,-13.5107],[-61.2252,-13.5302],[-61.2606,-13.4941],[-61.3352,-13.5045],[-61.353,-13.5212],[-61.3913,-13.5199],[-61.4103,-13.5377],[-61.4695,-13.5546],[-61.5279,-13.5298],[-62.1392,-13.7624],[-62.1447,-14.007],[-62.1409,-14.1984],[-62.1222,-14.2427],[-62.0665,-14.2863],[-61.9342,-14.3739],[-61.8904,-14.395],[-61.7442,-14.504],[-61.7049,-14.5871],[-61.6202,-14.6999],[-61.5914,-14.7003],[-61.5648,-14.733],[-61.5505,-14.7911],[-61.535,-14.8032],[-61.5191,-14.8876],[-61.4955,-14.9372],[-61.4934,-15.0852],[-61.4794,-15.1132],[-61.4945,-15.2151],[-61.5094,-15.2332],[-61.4877,-15.3187],[-61.5314,-15.7403],[-61.5515,-15.7787],[-61.5984,-15.784],[-61.5722,-15.8585],[-61.5969,-15.9138],[-61.644,-15.944],[-61.6751,-16.0203],[-61.6865,-16.156],[-61.6752,-16.1921],[-61.6974,-16.2653],[-61.6709,-16.3025],[-61.6752,-16.3469],[-61.6513,-16.4045],[-61.6593,-16.4331],[-61.6389,-16.4895],[-61.6613,-17.0135],[-61.7422,-17.0448],[-61.8132,-17.0275],[-61.8509,-17.0339],[-61.8497,-17.0628],[-61.8011,-17.0862],[-61.6779,-17.1653],[-61.6141,-17.1835],[-61.6097,-17.223],[-61.5798,-17.2298],[-61.5686,-17.2575],[-61.5005,-17.2896],[-61.5096,-17.3261],[-61.4835,-17.3456],[-61.4412,-17.3268],[-61.4242,-17.3431],[-61.368,-17.3456],[-61.2882,-17.393],[-61.2492,-17.4024],[-61.2134,-17.3689],[-61.1404,-17.3664],[-61.0141,-17.33],[-60.9907,-17.2961],[-60.9371,-17.2971],[-60.9332,-17.2589],[-60.8749,-17.2352],[-60.8402,-17.1764],[-60.7772,-17.1845],[-60.7329,-17.2046],[-60.6932,-17.2068],[-60.6686,-17.2408],[-60.6009,-17.2676],[-60.5708,-17.2366],[-60.5107,-17.2203],[-60.489,-17.236],[-60.3846,-17.2096],[-60.0784,-17.1381],[-59.5202,-17.0091],[-59.5091,-16.6743],[-59.4956,-16.2793]]]}},{"type":"Feature","properties":{"nombre":"Warnes","departamento":"Santa Cruz","rotulo":[-62.9444,-17.3344]},"geometry":{"type":"Polygon","coordinates":[[[-62.7902,-17.5322],[-62.7862,-17.5019],[-62.7817,-17.4678],[-62.7522,-17.4672],[-62.7576,-17.3891],[-62.7317,-17.3585],[-62.7478,-17.3137],[-62.7263,-17.2453],[-62.7628,-17.1944],[-62.8175,-17.1417],[-62.8884,-17.116],[-62.9211,-17.1182],[-62.9353,-17.09],[-62.9742,-17.0924],[-63.0345,-17.0358],[-63.0768,-17.0783],[-63.0582,-17.1253],[-63.0704,-17.139],[-63.0858,-17.2327],[-63.1198,-17.2522],[-63.1556,-17.3551],[-63.2336,-17.3757],[-63.2313,-17.4135],[-63.2581,-17.427],[-63.2216,-17.4876],[-63.2105,-17.5638],[-63.1983,-17.5931],[-63.1876,-17.6248],[-63.1574,-17.6463],[-63.1588,-17.6742],[-63.0947,-17.6698],[-63.0452,-17.6306],[-63.0025,-17.6238],[-62.9712,-17.599],[-62.903,-17.5837],[-62.8493,-17.5397],[-62.7902,-17.5322]]]}},{"type":"Feature","properties":{"nombre":"Ñuflo de Chávez","departamento":"Santa Cruz","rotulo":[-62.0403,-15.6636]},"geometry":{"type":"Polygon","coordinates":[[[-61.5686,-17.2575],[-61.5798,-17.2298],[-61.6097,-17.223],[-61.6141,-17.1835],[-61.6779,-17.1653],[-61.8011,-17.0862],[-61.8497,-17.0628],[-61.8509,-17.0339],[-61.8132,-17.0275],[-61.7422,-17.0448],[-61.6613,-17.0135],[-61.6389,-16.4895],[-61.6593,-16.4331],[-61.6513,-16.4045],[-61.6752,-16.3469],[-61.6709,-16.3025],[-61.6974,-16.2653],[-61.6752,-16.1921],[-61.6865,-16.156],[-61.6751,-16.0203],[-61.644,-15.944],[-61.5969,-15.9138],[-61.5722,-15.8585],[-61.5984,-15.784],[-61.5515,-15.7787],[-61.5314,-15.7403],[-61.4877,-15.3187],[-61.5094,-15.2332],[-61.4945,-15.2151],[-61.4794,-15.1132],[-61.4934,-15.0852],[-61.4955,-14.9372],[-61.5191,-14.8876],[-61.535,-14.8032],[-61.5505,-14.7911],[-61.5648,-14.733],[-61.5914,-14.7003],[-61.6202,-14.6999],[-61.7049,-14.5871],[-61.7442,-14.504],[-61.8904,-14.395],[-61.9342,-14.3739],[-62.0665,-14.2863],[-62.1222,-14.2427],[-62.1409,-14.1984],[-62.1447,-14.007],[-62.1392,-13.7624],[-62.7049,-13.9758],[-62.6795,-14.024],[-62.6797,-14.0659],[-62.7043,-14.1144],[-62.7335,-14.1273],[-62.7566,-14.1729],[-62.7619,-14.2466],[-62.7973,-14.2815],[-62.7964,-14.3037],[-62.7605,-14.359],[-62.7284,-14.4365],[-62.7321,-14.48],[-62.6724,-14.5465],[-62.6592,-14.6147],[-62.6219,-14.6583],[-62.6504,-14.7836],[-62.6356,-14.8073],[-62.6444,-14.8431],[-62.6275,-14.8872],[-62.6497,-14.9153],[-62.6306,-14.9905],[-62.5901,-15.0023],[-62.5758,-15.0403],[-62.4866,-15.1354],[-62.4987,-15.1769],[-62.5272,-15.2118],[-62.5255,-15.3018],[-62.5365,-15.3156],[-62.5132,-15.3593],[-62.5367,-15.3791],[-62.5589,-15.4316],[-62.5159,-15.4644],[-62.5096,-15.5174],[-62.531,-15.5216],[-62.5447,-15.5868],[-62.5871,-15.8477],[-62.6714,-16.3964],[-62.6673,-16.4491],[-62.7002,-16.5039],[-62.7763,-16.5027],[-63.451,-16.5042],[-63.3952,-16.5399],[-63.385,-16.579],[-63.3438,-16.5996],[-63.323,-16.6339],[-63.2732,-16.647],[-63.206,-16.7004],[-63.1576,-16.7153],[-63.1384,-16.7585],[-63.1047,-16.7985],[-63.0795,-16.8094],[-63.0877,-16.8791],[-63.0407,-16.9732],[-63.0345,-17.0358],[-62.9742,-17.0924],[-62.9353,-17.09],[-62.9211,-17.1182],[-62.8884,-17.116],[-62.8175,-17.1417],[-62.7628,-17.1944],[-62.7263,-17.2453],[-62.7478,-17.3137],[-62.7317,-17.3585],[-62.7576,-17.3891],[-62.7522,-17.4672],[-62.7817,-17.4678],[-62.7862,-17.5019],[-62.7152,-17.4903],[-62.6207,-17.466],[-62.5403,-17.4614],[-62.0471,-17.3807],[-61.7795,-17.3415],[-61.5686,-17.2575]]]}},{"type":"Feature","properties":{"nombre":"Arce","departamento":"Tarija","rotulo":[-64.3344,-22.3227]},"geometry":{"type":"Polygon","coordinates":[[[-64.3604,-21.8225],[-64.3991,-21.8075],[-64.4337,-21.8495],[-64.4846,-21.8678],[-64.4917,-21.7815],[-64.513,-21.7771],[-64.5446,-21.791],[-64.5644,-21.822],[-64.6077,-21.8441],[-64.6769,-21.827],[-64.7669,-21.8349],[-64.7797,-21.8047],[-64.8277,-21.8393],[-64.9696,-21.8334],[-64.9907,-21.8465],[-65.0163,-21.921],[-65.047,-21.9471],[-65.0371,-21.9905],[-65.0525,-22.0833],[-64.9872,-22.0941],[-64.8871,-22.1293],[-64.8744,-22.1174],[-64.7779,-22.1779],[-64.7219,-22.1966],[-64.6517,-22.1897],[-64.5376,-22.2832],[-64.5666,-22.3389],[-64.5542,-22.386],[-64.4899,-22.4418],[-64.483,-22.4805],[-64.4446,-22.5219],[-64.4129,-22.5382],[-64.4297,-22.5985],[-64.4312,-22.651],[-64.3981,-22.6833],[-64.3948,-22.7186],[-64.3525,-22.7309],[-64.3407,-22.7524],[-64.3422,-22.8066],[-64.3286,-22.8625],[-64.2981,-22.8622],[-64.2851,-22.7953],[-64.2676,-22.7701],[-64.2645,-22.65],[-64.2379,-22.6087],[-64.2398,-22.5554],[-64.2163,-22.5435],[-64.2074,-22.5057],[-64.1618,-22.4673],[-64.1446,-22.4162],[-64.1161,-22.4035],[-64.1035,-22.3368],[-64.1177,-22.3086],[-64.1023,-22.2549],[-64.1113,-22.211],[-64.1525,-22.193],[-64.1522,-22.1606],[-64.2039,-22.1202],[-64.2325,-22.1452],[-64.2975,-22.1399],[-64.3144,-22.0944],[-64.2869,-22.0274],[-64.3099,-21.9985],[-64.2998,-21.9602],[-64.3029,-21.9567],[-64.2984,-21.9528],[-64.2985,-21.9519],[-64.3018,-21.9495],[-64.3339,-21.9545],[-64.3606,-21.9125],[-64.3571,-21.8258],[-64.3604,-21.8225]]]}},{"type":"Feature","properties":{"nombre":"Avilés","departamento":"Tarija","rotulo":[-64.9334,-21.7871]},"geometry":{"type":"Polygon","coordinates":[[[-64.513,-21.7771],[-64.4964,-21.6675],[-64.542,-21.6326],[-64.5916,-21.617],[-64.6482,-21.6268],[-64.6843,-21.6102],[-64.7043,-21.6416],[-64.7548,-21.6576],[-64.7868,-21.699],[-64.8528,-21.7011],[-64.8663,-21.7562],[-64.9292,-21.7571],[-64.9849,-21.7832],[-64.9977,-21.7461],[-64.9558,-21.6083],[-65.0222,-21.6118],[-65.0427,-21.5637],[-65.0804,-21.5519],[-65.0848,-21.5119],[-65.145,-21.4862],[-65.1737,-21.5142],[-65.2471,-21.4891],[-65.2451,-21.57],[-65.277,-21.6642],[-65.3043,-21.6887],[-65.3361,-21.8057],[-65.3572,-21.8395],[-65.3907,-21.8467],[-65.4086,-21.9156],[-65.3349,-21.9654],[-65.2988,-21.9782],[-65.2654,-21.9702],[-65.1807,-22.0194],[-65.1866,-22.0854],[-65.0525,-22.0833],[-65.0371,-21.9905],[-65.047,-21.9471],[-65.0163,-21.921],[-64.9907,-21.8465],[-64.9696,-21.8334],[-64.8277,-21.8393],[-64.7797,-21.8047],[-64.7669,-21.8349],[-64.6769,-21.827],[-64.6077,-21.8441],[-64.5644,-21.822],[-64.5446,-21.791],[-64.513,-21.7771]]]}},{"type":"Feature","properties":{"nombre":"Cercado","departamento":"Tarija","rotulo":[-64.5714,-21.5389]},"geometry":{"type":"Polygon","coordinates":[[[-64.3604,-21.8225],[-64.3617,-21.7377],[-64.345,-21.7076],[-64.3319,-21.5533],[-64.3643,-21.5244],[-64.3628,-21.4822],[-64.3852,-21.4566],[-64.4327,-21.4466],[-64.3973,-21.3874],[-64.3678,-21.3861],[-64.354,-21.3249],[-64.4135,-21.3309],[-64.4188,-21.3304],[-64.4371,-21.3089],[-64.4673,-21.3445],[-64.535,-21.3271],[-64.546,-21.2825],[-64.5878,-21.2864],[-64.5871,-21.2395],[-64.6087,-21.2366],[-64.6324,-21.2746],[-64.6234,-21.3025],[-64.6564,-21.3847],[-64.7115,-21.3981],[-64.7116,-21.4209],[-64.7518,-21.4697],[-64.7602,-21.5001],[-64.8116,-21.5578],[-64.9124,-21.581],[-64.9558,-21.6083],[-64.9977,-21.7461],[-64.9849,-21.7832],[-64.9292,-21.7571],[-64.8663,-21.7562],[-64.8528,-21.7011],[-64.7868,-21.699],[-64.7548,-21.6576],[-64.7043,-21.6416],[-64.6843,-21.6102],[-64.6482,-21.6268],[-64.5916,-21.617],[-64.542,-21.6326],[-64.4964,-21.6675],[-64.513,-21.7771],[-64.4917,-21.7815],[-64.4846,-21.8678],[-64.4337,-21.8495],[-64.3991,-21.8075],[-64.3604,-21.8225]]]}},{"type":"Feature","properties":{"nombre":"Gran Chaco","departamento":"Tarija","rotulo":[-63.2094,-21.6507]},"geometry":{"type":"Polygon","coordinates":[[[-64.1035,-22.3368],[-64.0654,-22.2462],[-64.0357,-22.2435],[-64.0196,-22.1845],[-63.9969,-22.142],[-63.9865,-22.0936],[-63.9606,-22.0631],[-63.9308,-21.9993],[-63.7177,-21.9995],[-63.6671,-22.0035],[-63.2466,-22.0036],[-62.8077,-22.0039],[-62.817,-22.0335],[-62.7963,-22.059],[-62.8136,-22.1299],[-62.7761,-22.173],[-62.7363,-22.17],[-62.7229,-22.2069],[-62.6838,-22.2169],[-62.6436,-22.2461],[-62.4574,-21.6701],[-62.2607,-21.0585],[-62.2613,-20.9925],[-63.0015,-21.0037],[-63.5954,-21.0037],[-63.6213,-21.1051],[-63.6628,-21.2911],[-63.6987,-21.3969],[-63.7683,-21.386],[-63.7839,-21.4235],[-63.7837,-21.5059],[-63.8682,-21.5249],[-63.9373,-21.5154],[-63.9598,-21.6313],[-64.0053,-21.7445],[-63.9963,-21.763],[-64.0201,-21.8532],[-64.0186,-21.8924],[-64.0505,-21.9522],[-64.0989,-21.9491],[-64.1415,-21.9902],[-64.2114,-21.9528],[-64.2998,-21.9602],[-64.3099,-21.9985],[-64.2869,-22.0274],[-64.3144,-22.0944],[-64.2975,-22.1399],[-64.2325,-22.1452],[-64.2039,-22.1202],[-64.1522,-22.1606],[-64.1525,-22.193],[-64.1113,-22.211],[-64.1023,-22.2549],[-64.1177,-22.3086],[-64.1035,-22.3368]]]}},{"type":"Feature","properties":{"nombre":"Méndez","departamento":"Tarija","rotulo":[-64.9261,-21.2785]},"geometry":{"type":"Polygon","coordinates":[[[-64.9558,-21.6083],[-64.9124,-21.581],[-64.8116,-21.5578],[-64.7602,-21.5001],[-64.7518,-21.4697],[-64.7116,-21.4209],[-64.7115,-21.3981],[-64.6564,-21.3847],[-64.6234,-21.3025],[-64.6324,-21.2746],[-64.6087,-21.2366],[-64.5871,-21.2395],[-64.5878,-21.2864],[-64.546,-21.2825],[-64.535,-21.3271],[-64.4673,-21.3445],[-64.4371,-21.3089],[-64.4187,-21.174],[-64.391,-21.124],[-64.4571,-21.0831],[-64.5272,-21.0976],[-64.5464,-21.0812],[-64.6051,-20.9819],[-64.6426,-20.9672],[-64.6668,-20.9405],[-64.7276,-20.9414],[-64.8041,-21.0968],[-64.8852,-21.0787],[-64.9262,-21.0328],[-64.9997,-21.0263],[-65.0403,-21.0143],[-65.0694,-20.9707],[-65.0939,-20.976],[-65.1766,-20.951],[-65.2026,-21.0859],[-65.1896,-21.1643],[-65.2064,-21.2398],[-65.2233,-21.2584],[-65.2187,-21.3012],[-65.2498,-21.4824],[-65.2471,-21.4891],[-65.1737,-21.5142],[-65.145,-21.4862],[-65.0848,-21.5119],[-65.0804,-21.5519],[-65.0427,-21.5637],[-65.0222,-21.6118],[-64.9558,-21.6083]]]}},{"type":"Feature","properties":{"nombre":"O'Connor","departamento":"Tarija","rotulo":[-64.1048,-21.4351]},"geometry":{"type":"Polygon","coordinates":[[[-64.3018,-21.9495],[-64.2985,-21.9519],[-64.2984,-21.9528],[-64.3029,-21.9567],[-64.2998,-21.9602],[-64.2114,-21.9528],[-64.1415,-21.9902],[-64.0989,-21.9491],[-64.0505,-21.9522],[-64.0186,-21.8924],[-64.0201,-21.8532],[-63.9963,-21.763],[-64.0053,-21.7445],[-63.9598,-21.6313],[-63.9373,-21.5154],[-63.8682,-21.5249],[-63.7837,-21.5059],[-63.7839,-21.4235],[-63.7683,-21.386],[-63.6987,-21.3969],[-63.6628,-21.2911],[-63.6213,-21.1051],[-63.5954,-21.0037],[-63.8677,-21.0037],[-63.9874,-21.0037],[-64.0256,-20.9625],[-64.1604,-20.8874],[-64.1787,-20.887],[-64.1808,-20.8916],[-64.1749,-20.8984],[-64.1774,-20.9042],[-64.1876,-20.9331],[-64.1835,-20.9365],[-64.1993,-21.0336],[-64.189,-21.0902],[-64.2032,-21.1349],[-64.2302,-21.1521],[-64.2762,-21.1346],[-64.3413,-21.1457],[-64.391,-21.124],[-64.4187,-21.174],[-64.4371,-21.3089],[-64.4188,-21.3304],[-64.4135,-21.3309],[-64.354,-21.3249],[-64.3678,-21.3861],[-64.3973,-21.3874],[-64.4327,-21.4466],[-64.3852,-21.4566],[-64.3628,-21.4822],[-64.3643,-21.5244],[-64.3319,-21.5533],[-64.345,-21.7076],[-64.3617,-21.7377],[-64.3604,-21.8225],[-64.3571,-21.8258],[-64.3606,-21.9125],[-64.3339,-21.9545],[-64.3018,-21.9495]]]}}]}